temperature_c,gas_raw,water_level_cm,acceleration_x_ms2,acceleration_y_ms2,acceleration_z_ms2,sos,risk_level,scenario
28.1,190.0,5.4,-0.06,-0.06,9.8,False,LOW,normal
27.9,193.0,5.7,-0.01,0.01,9.83,False,LOW,normal
28.4,189.0,5.9,0.0,0.01,9.84,False,LOW,normal
28.5,200.0,5.6,-0.08,-0.04,9.91,False,LOW,normal
28.4,200.0,5.2,-0.02,-0.07,9.93,False,LOW,normal
28.6,190.0,5.0,-0.01,-0.06,9.84,False,LOW,normal
28.8,190.0,4.5,-0.01,0.03,9.86,False,LOW,normal
29.0,189.0,4.5,-0.08,0.02,9.8,False,LOW,normal
28.5,197.0,4.1,-0.07,-0.04,9.78,False,LOW,normal
28.7,199.0,4.2,-0.01,-0.06,9.77,False,LOW,normal
29.5,202.0,4.2,-0.09,-0.01,9.71,False,LOW,normal
30.0,202.0,4.6,-0.15,0.0,9.69,False,LOW,normal
29.6,211.0,5.0,-0.1,0.08,9.71,False,LOW,normal
29.8,198.0,5.7,-0.14,0.05,9.75,False,LOW,normal
29.0,209.0,5.3,-0.18,0.07,9.81,False,LOW,normal
28.7,199.0,5.5,-0.22,0.05,9.85,False,LOW,normal
28.0,196.0,5.1,-0.28,0.09,9.93,False,LOW,normal
27.9,190.0,5.4,-0.29,0.2,9.92,False,LOW,normal
27.6,189.0,4.9,-0.25,0.21,9.98,False,LOW,normal
27.8,170.0,4.8,-0.26,0.25,9.98,False,LOW,normal
27.1,178.0,5.0,-0.21,0.32,10.0,False,LOW,normal
26.9,186.0,5.1,-0.23,0.33,10.0,False,LOW,normal
26.8,184.0,4.5,-0.19,0.28,10.04,False,LOW,normal
27.6,172.0,4.8,-0.23,0.34,10.0,False,LOW,normal
28.4,160.0,4.7,-0.25,0.35,10.03,False,LOW,normal
28.6,159.0,4.7,-0.16,0.36,10.04,False,LOW,normal
28.0,154.0,4.6,-0.16,0.43,10.0,False,LOW,normal
28.7,163.0,5.1,-0.16,0.37,9.93,False,LOW,normal
28.7,178.0,5.3,-0.23,0.35,9.93,False,LOW,normal
28.3,180.0,5.9,-0.16,0.41,9.83,False,LOW,normal
28.4,186.0,5.8,-0.16,0.41,9.79,False,LOW,normal
28.4,182.0,6.0,-0.07,0.44,9.77,False,LOW,normal
28.3,180.0,6.1,-0.08,0.53,9.83,False,LOW,normal
28.1,168.0,6.1,-0.07,0.47,9.89,False,LOW,normal
28.2,175.0,6.3,-0.02,0.41,9.93,False,LOW,normal
28.9,179.0,5.8,0.09,0.34,9.96,False,LOW,normal
29.6,165.0,6.0,0.12,0.33,9.96,False,LOW,normal
29.5,159.0,5.7,0.08,0.23,9.94,False,LOW,normal
28.7,161.0,6.0,0.14,0.24,9.97,False,LOW,normal
28.7,163.0,6.4,0.07,0.25,9.91,False,LOW,normal
27.9,159.0,6.7,0.07,0.25,9.96,False,LOW,normal
27.9,160.0,6.7,0.05,0.24,9.92,False,LOW,normal
27.6,160.0,7.1,0.08,0.15,9.88,False,LOW,normal
28.1,163.0,7.0,0.1,0.07,9.84,False,LOW,normal
28.5,172.0,6.8,0.08,0.08,9.88,False,LOW,normal
28.6,174.0,6.8,0.06,0.01,9.91,False,LOW,normal
28.9,170.0,7.3,0.08,-0.02,9.93,False,LOW,normal
28.2,168.0,6.6,0.03,-0.01,9.88,False,LOW,normal
28.6,161.0,6.6,0.01,-0.09,9.88,False,LOW,normal
28.6,166.0,6.0,0.07,-0.13,9.91,False,LOW,normal
28.2,152.0,6.2,0.02,-0.13,9.85,False,LOW,normal
28.0,146.0,6.0,0.03,-0.17,9.91,False,LOW,normal
28.7,156.0,5.8,0.03,-0.1,9.87,False,LOW,normal
29.1,159.0,5.6,0.0,-0.05,9.91,False,LOW,normal
28.8,165.0,5.7,0.02,0.0,9.87,False,LOW,normal
29.1,171.0,5.5,0.06,0.02,9.92,False,LOW,normal
29.6,165.0,6.0,0.06,0.03,9.87,False,LOW,normal
30.4,171.0,6.2,0.01,0.08,9.84,False,LOW,normal
30.6,170.0,6.2,0.16,0.02,9.89,False,LOW,normal
29.7,177.0,6.1,0.15,0.04,9.84,False,LOW,normal
30.1,184.0,6.7,0.22,-0.01,9.84,False,LOW,normal
29.3,185.0,6.8,0.28,-0.01,9.92,False,LOW,normal
29.8,181.0,6.7,0.2,-0.0,10.01,False,LOW,normal
30.2,182.0,6.3,0.22,0.12,10.0,False,LOW,normal
29.9,201.0,6.3,0.2,0.09,9.96,False,LOW,normal
29.6,192.0,6.1,0.16,0.06,9.94,False,LOW,normal
30.8,189.0,6.0,0.16,0.01,9.95,False,LOW,normal
31.0,189.0,6.1,0.11,0.04,9.86,False,LOW,normal
30.4,187.0,6.7,0.08,0.01,9.76,False,LOW,normal
31.0,189.0,6.8,0.03,0.06,9.81,False,LOW,normal
30.5,197.0,6.3,0.01,0.12,9.79,False,LOW,normal
30.0,177.0,6.1,-0.03,0.14,9.8,False,LOW,normal
29.9,174.0,6.3,-0.05,0.15,9.72,False,LOW,normal
29.6,186.0,5.9,0.01,0.12,9.68,False,LOW,normal
29.1,200.0,5.9,0.1,0.09,9.72,False,LOW,normal
29.2,198.0,6.1,0.11,0.07,9.73,False,LOW,normal
28.5,204.0,6.2,0.18,0.09,9.7,False,LOW,normal
28.9,205.0,6.5,0.22,0.01,9.74,False,LOW,normal
28.4,212.0,6.7,0.19,0.07,9.81,False,LOW,normal
28.0,205.0,6.8,0.23,0.02,9.76,False,LOW,normal
28.8,211.0,6.8,0.21,0.04,9.72,False,LOW,normal
29.1,216.0,6.8,0.16,0.14,9.72,False,LOW,normal
28.9,207.0,7.2,0.18,0.16,9.75,False,LOW,normal
28.7,216.0,7.2,0.13,0.21,9.8,False,LOW,normal
28.7,220.0,7.1,0.15,0.21,9.81,False,LOW,normal
28.2,218.0,6.8,0.12,0.11,9.75,False,LOW,normal
28.3,218.0,6.5,0.08,0.11,9.68,False,LOW,normal
27.6,216.0,6.9,0.06,0.08,9.73,False,LOW,normal
28.2,222.0,6.7,0.08,0.05,9.8,False,LOW,normal
27.7,200.0,6.5,0.01,0.1,9.85,False,LOW,normal
28.0,195.0,6.0,0.03,0.16,9.74,False,LOW,normal
28.3,181.0,5.9,0.05,0.13,9.75,False,LOW,normal
28.1,178.0,6.1,0.03,0.08,9.76,False,LOW,normal
29.0,172.0,6.3,-0.01,0.05,9.77,False,LOW,normal
28.7,173.0,6.4,0.04,0.08,9.86,False,LOW,normal
29.0,170.0,6.5,-0.05,0.08,9.82,False,LOW,normal
29.3,156.0,6.6,-0.05,0.1,9.79,False,LOW,normal
29.1,168.0,6.4,-0.12,0.16,9.8,False,LOW,normal
29.3,161.0,6.6,-0.1,0.18,9.75,False,LOW,normal
29.1,171.0,6.5,-0.17,0.19,9.8,False,LOW,normal
28.6,167.0,5.9,-0.22,0.15,9.92,False,LOW,normal
28.9,173.0,5.8,-0.24,0.18,9.93,False,LOW,normal
29.2,178.0,6.0,-0.22,0.15,9.93,False,LOW,normal
30.1,182.0,6.0,-0.18,0.09,9.95,False,LOW,normal
30.0,186.0,6.2,-0.21,0.08,9.97,False,LOW,normal
29.7,180.0,6.3,-0.23,0.2,9.96,False,LOW,normal
30.2,175.0,5.9,-0.25,0.1,9.93,False,LOW,normal
29.3,170.0,5.8,-0.33,0.05,9.96,False,LOW,normal
29.1,182.0,5.8,-0.3,0.12,9.92,False,LOW,normal
28.9,181.0,6.1,-0.26,0.08,9.93,False,LOW,normal
29.2,185.0,6.6,-0.25,0.06,9.91,False,LOW,normal
28.7,179.0,6.3,-0.18,0.05,9.93,False,LOW,normal
28.0,163.0,6.5,-0.23,0.02,9.88,False,LOW,normal
28.2,167.0,6.8,-0.19,0.02,9.91,False,LOW,normal
28.7,165.0,6.5,-0.13,-0.0,9.85,False,LOW,normal
28.6,163.0,6.2,-0.17,-0.02,9.83,False,LOW,normal
28.2,158.0,6.3,-0.14,-0.06,9.9,False,LOW,normal
27.4,150.0,6.3,-0.12,-0.04,9.96,False,LOW,normal
27.5,143.0,6.2,-0.15,-0.08,9.94,False,LOW,normal
27.9,157.0,6.2,-0.14,-0.16,9.98,False,LOW,normal
28.0,162.0,6.2,-0.19,-0.13,10.0,False,LOW,normal
27.6,176.0,6.5,-0.12,-0.06,9.99,False,LOW,normal
28.0,181.0,6.0,-0.07,-0.09,10.04,False,LOW,normal
28.4,184.0,5.8,-0.02,-0.14,10.0,False,LOW,normal
28.2,181.0,5.6,-0.06,-0.1,10.08,False,LOW,normal
28.4,176.0,5.4,-0.02,-0.04,10.08,False,LOW,normal
28.6,184.0,5.1,0.03,-0.04,9.97,False,LOW,normal
29.1,177.0,5.6,0.05,0.06,9.9,False,LOW,normal
28.9,175.0,5.5,0.13,0.06,9.95,False,LOW,normal
28.2,180.0,5.4,0.14,0.06,9.9,False,LOW,normal
28.6,177.0,5.2,0.04,0.05,9.85,False,LOW,normal
29.1,191.0,4.5,0.03,0.06,9.88,False,LOW,normal
29.2,187.0,4.6,0.04,0.05,9.94,False,LOW,normal
28.5,183.0,4.4,0.05,0.06,9.9,False,LOW,normal
27.5,185.0,4.7,0.14,0.1,9.99,False,LOW,normal
27.9,191.0,4.3,0.11,0.23,9.97,False,LOW,normal
27.1,200.0,4.1,0.06,0.18,9.95,False,LOW,normal
28.2,196.0,4.3,0.07,0.16,9.93,False,LOW,normal
28.5,200.0,3.8,-0.02,0.2,9.96,False,LOW,normal
29.1,216.0,3.3,-0.11,0.2,9.91,False,LOW,normal
29.3,204.0,3.4,-0.12,0.11,9.84,False,LOW,normal
29.0,200.0,3.7,-0.11,0.11,9.85,False,LOW,normal
30.4,197.0,4.0,-0.16,0.09,9.86,False,LOW,normal
29.8,194.0,4.3,-0.14,0.04,9.82,False,LOW,normal
29.0,204.0,4.1,-0.27,0.03,9.76,False,LOW,normal
29.2,218.0,4.5,-0.16,-0.05,9.72,False,LOW,normal
29.3,228.0,4.5,-0.14,-0.05,9.71,False,LOW,normal
29.3,224.0,4.8,-0.14,-0.0,9.75,False,LOW,normal
29.4,228.0,4.5,-0.09,-0.1,9.72,False,LOW,normal
29.2,218.0,4.5,-0.09,-0.0,9.76,False,LOW,normal
28.5,211.0,4.3,-0.08,-0.0,9.69,False,LOW,normal
28.8,209.0,4.5,-0.11,-0.02,9.76,False,LOW,normal
28.1,197.0,4.6,-0.09,-0.01,9.78,False,LOW,normal
28.2,206.0,4.5,-0.16,-0.04,9.85,False,LOW,normal
28.9,191.0,4.6,-0.14,-0.1,9.82,False,LOW,normal
29.2,175.0,5.2,-0.18,-0.07,9.85,False,LOW,normal
29.1,179.0,4.8,-0.11,-0.01,9.89,False,LOW,normal
29.4,179.0,4.6,-0.12,-0.06,9.88,False,LOW,normal
29.4,192.0,4.9,-0.2,-0.09,9.78,False,LOW,normal
29.0,191.0,4.7,-0.21,-0.09,9.83,False,LOW,normal
28.9,188.0,4.4,-0.26,-0.12,9.81,False,LOW,normal
30.0,187.0,4.4,-0.3,-0.06,9.84,False,LOW,normal
30.6,189.0,4.3,-0.37,-0.05,9.83,False,LOW,normal
30.6,189.0,4.0,-0.49,-0.1,9.83,False,LOW,normal
30.8,191.0,3.9,-0.49,-0.14,9.85,False,LOW,normal
31.3,191.0,3.6,-0.53,-0.09,9.88,False,LOW,normal
30.7,191.0,3.2,-0.56,-0.16,9.85,False,LOW,normal
30.7,192.0,3.6,-0.57,-0.14,9.9,False,LOW,normal
30.2,199.0,4.0,-0.57,-0.22,9.9,False,LOW,normal
29.5,211.0,4.4,-0.57,-0.21,9.86,False,LOW,normal
30.1,233.0,4.6,-0.52,-0.23,9.9,False,LOW,normal
31.0,216.0,4.6,-0.53,-0.2,9.91,False,LOW,normal
31.1,226.0,5.3,-0.44,-0.25,9.88,False,LOW,normal
30.0,224.0,5.2,-0.47,-0.24,9.97,False,LOW,normal
29.3,231.0,5.3,-0.44,-0.27,9.91,False,LOW,normal
29.0,240.0,5.4,-0.3,-0.23,9.91,False,LOW,normal
29.9,231.0,5.8,-0.29,-0.28,9.92,False,LOW,normal
30.3,223.0,6.0,-0.22,-0.26,9.92,False,LOW,normal
30.9,229.0,5.9,-0.23,-0.24,9.93,False,LOW,normal
31.3,226.0,5.3,-0.22,-0.27,9.93,False,LOW,normal
31.6,225.0,5.0,-0.29,-0.27,9.92,False,LOW,normal
30.9,226.0,4.7,-0.28,-0.36,9.91,False,LOW,normal
30.2,226.0,4.2,-0.3,-0.23,9.82,False,LOW,normal
30.4,229.0,4.3,-0.38,-0.25,9.89,False,LOW,normal
30.4,231.0,4.6,-0.3,-0.29,9.88,False,LOW,normal
30.1,238.0,4.7,-0.28,-0.26,9.91,False,LOW,normal
30.4,233.0,4.7,-0.21,-0.27,9.96,False,LOW,normal
31.0,232.0,4.2,-0.12,-0.27,9.83,False,LOW,normal
31.0,230.0,4.4,-0.08,-0.16,9.81,False,LOW,normal
30.5,224.0,4.5,-0.05,-0.13,9.82,False,LOW,normal
30.0,223.0,4.5,-0.11,-0.16,9.84,False,LOW,normal
29.4,242.0,4.6,-0.09,-0.14,9.85,False,LOW,normal
28.6,251.0,4.9,-0.1,-0.07,9.89,False,LOW,normal
28.6,245.0,4.5,-0.07,-0.02,9.9,False,LOW,normal
29.5,245.0,4.3,-0.0,-0.03,9.9,False,LOW,normal
29.6,249.0,4.6,0.01,-0.03,9.92,False,LOW,normal
30.3,244.0,4.4,0.04,-0.12,9.87,False,LOW,normal
30.7,234.0,4.3,0.05,-0.04,9.9,False,LOW,normal
30.2,240.0,3.9,-0.07,-0.08,9.83,False,LOW,normal
28.4,231.0,3.8,-0.07,-0.04,9.88,False,LOW,normal
28.5,236.0,4.1,-0.1,-0.06,9.85,False,LOW,normal
29.1,250.0,4.1,-0.07,-0.1,9.79,False,LOW,normal
28.5,244.0,4.6,-0.1,-0.06,9.78,False,LOW,normal
28.7,230.0,4.6,-0.06,-0.04,9.85,False,LOW,normal
29.1,220.0,4.7,-0.06,0.01,9.82,False,LOW,normal
29.3,223.0,4.8,-0.03,-0.01,9.85,False,LOW,normal
29.2,213.0,4.5,-0.08,0.02,9.8,False,LOW,normal
30.3,214.0,4.4,-0.15,0.05,9.79,False,LOW,normal
30.5,215.0,4.1,-0.23,0.02,9.78,False,LOW,normal
30.2,189.0,4.2,-0.16,0.07,9.76,False,LOW,normal
29.6,195.0,4.4,-0.15,0.04,9.82,False,LOW,normal
29.7,204.0,4.1,-0.21,-0.04,9.81,False,LOW,normal
30.3,201.0,4.0,-0.1,-0.14,9.79,False,LOW,normal
29.8,203.0,3.9,0.04,-0.1,9.8,False,LOW,normal
29.8,198.0,3.9,-0.02,-0.1,9.8,False,LOW,normal
30.7,189.0,3.7,-0.02,-0.07,9.82,False,LOW,normal
30.3,189.0,3.3,-0.01,-0.07,9.75,False,LOW,normal
29.6,186.0,3.7,0.02,-0.06,9.82,False,LOW,normal
29.3,183.0,3.9,0.05,-0.01,9.76,False,LOW,normal
29.1,179.0,3.9,0.03,0.04,9.78,False,LOW,normal
29.3,183.0,4.5,-0.03,-0.01,9.75,False,LOW,normal
29.1,165.0,4.5,-0.04,0.01,9.65,False,LOW,normal
28.7,165.0,4.0,0.01,0.03,9.66,False,LOW,normal
28.3,174.0,3.3,-0.01,0.0,9.72,False,LOW,normal
28.2,175.0,3.5,0.03,0.03,9.67,False,LOW,normal
28.8,180.0,3.2,0.02,0.04,9.69,False,LOW,normal
28.8,179.0,3.6,0.05,0.04,9.79,False,LOW,normal
28.6,191.0,3.8,0.06,0.06,9.79,False,LOW,normal
28.5,188.0,4.0,0.06,0.01,9.8,False,LOW,normal
28.6,188.0,3.9,0.06,0.03,9.82,False,LOW,normal
27.7,183.0,3.8,-0.05,0.16,9.88,False,LOW,normal
27.2,178.0,3.8,0.01,0.13,9.91,False,LOW,normal
27.6,182.0,4.1,-0.01,0.13,9.95,False,LOW,normal
26.9,172.0,4.5,-0.02,0.17,9.91,False,LOW,normal
27.7,182.0,4.6,-0.03,0.19,9.85,False,LOW,normal
27.2,184.0,4.6,-0.06,0.2,9.84,False,LOW,normal
27.7,170.0,4.4,-0.05,0.23,9.86,False,LOW,normal
27.5,166.0,4.3,-0.11,0.23,9.73,False,LOW,normal
27.7,168.0,4.4,-0.15,0.23,9.71,False,LOW,normal
28.5,170.0,4.6,-0.15,0.26,9.79,False,LOW,normal
29.2,171.0,4.6,-0.21,0.22,9.81,False,LOW,normal
28.4,178.0,4.6,-0.21,0.23,9.83,False,LOW,normal
29.0,175.0,4.6,-0.23,0.25,9.82,False,LOW,normal
29.4,160.0,4.6,-0.26,0.25,9.81,False,LOW,normal
30.3,166.0,4.5,-0.3,0.22,9.75,False,LOW,normal
30.9,166.0,5.2,-0.31,0.23,9.79,False,LOW,normal
31.1,169.0,5.3,-0.35,0.25,9.83,False,LOW,normal
30.8,166.0,4.4,-0.39,0.3,9.76,False,LOW,normal
30.2,182.0,4.2,-0.45,0.25,9.75,False,LOW,normal
29.9,182.0,4.0,-0.42,0.19,9.79,False,LOW,normal
29.6,183.0,3.6,-0.41,0.25,9.83,False,LOW,normal
29.0,169.0,3.7,-0.35,0.27,9.85,False,LOW,normal
29.0,179.0,3.0,-0.34,0.23,9.88,False,LOW,normal
28.7,186.0,3.1,-0.35,0.26,9.93,False,LOW,normal
28.0,190.0,3.6,-0.27,0.24,9.95,False,LOW,normal
28.0,194.0,3.9,-0.25,0.28,10.02,False,LOW,normal
28.2,191.0,4.1,-0.29,0.3,10.01,False,LOW,normal
27.6,180.0,4.5,-0.31,0.26,9.96,False,LOW,normal
27.5,184.0,4.9,-0.25,0.21,10.0,False,LOW,normal
26.9,196.0,5.1,-0.26,0.12,9.9,False,LOW,normal
25.7,198.0,5.0,-0.25,0.13,9.82,False,LOW,normal
25.9,188.0,4.7,-0.31,0.1,9.7,False,LOW,normal
25.6,183.0,5.0,-0.26,0.03,9.7,False,LOW,normal
25.7,185.0,5.0,-0.2,0.06,9.63,False,LOW,normal
25.8,190.0,5.0,-0.21,0.11,9.64,False,LOW,normal
26.4,194.0,4.6,-0.22,0.12,9.68,False,LOW,normal
26.3,199.0,4.8,-0.19,0.08,9.7,False,LOW,normal
26.3,203.0,5.1,-0.15,0.08,9.76,False,LOW,normal
26.3,208.0,5.2,-0.18,0.03,9.78,False,LOW,normal
25.9,199.0,5.4,-0.1,0.05,9.83,False,LOW,normal
26.2,211.0,5.3,-0.08,0.04,9.84,False,LOW,normal
26.0,219.0,5.2,-0.07,0.13,9.75,False,LOW,normal
26.9,215.0,5.2,-0.08,0.17,9.74,False,LOW,normal
27.0,204.0,5.3,-0.1,0.09,9.81,False,LOW,normal
27.0,207.0,5.4,-0.04,0.1,9.77,False,LOW,normal
27.2,203.0,6.4,-0.02,0.05,9.78,False,LOW,normal
27.3,200.0,6.2,-0.01,0.12,9.82,False,LOW,normal
27.6,184.0,6.0,-0.02,0.09,9.86,False,LOW,normal
27.6,186.0,5.7,-0.01,0.11,9.75,False,LOW,normal
28.0,186.0,6.0,0.0,-0.01,9.7,False,LOW,normal
28.8,191.0,5.9,-0.04,0.03,9.71,False,LOW,normal
27.9,190.0,5.8,0.01,0.06,9.79,False,LOW,normal
27.3,195.0,5.3,-0.01,-0.08,9.83,False,LOW,normal
26.7,195.0,5.2,-0.02,-0.1,9.92,False,LOW,normal
27.2,184.0,4.9,-0.06,-0.11,9.98,False,LOW,normal
27.4,210.0,5.1,-0.12,-0.14,10.01,False,LOW,normal
27.5,228.0,5.1,-0.14,-0.17,10.01,False,LOW,normal
27.4,225.0,5.3,-0.05,-0.25,9.99,False,LOW,normal
27.1,224.0,5.6,-0.04,-0.24,9.93,False,LOW,normal
26.6,220.0,5.5,-0.02,-0.27,9.94,False,LOW,normal
26.4,233.0,5.6,-0.05,-0.25,9.89,False,LOW,normal
26.9,225.0,5.4,0.1,-0.17,9.9,False,LOW,normal
26.9,233.0,5.8,0.12,-0.15,9.95,False,LOW,normal
27.4,235.0,5.9,0.09,-0.2,9.93,False,LOW,normal
28.2,234.0,5.7,0.1,-0.16,9.96,False,LOW,normal
28.8,213.0,5.6,0.1,-0.15,9.96,False,LOW,normal
29.1,214.0,5.6,0.11,-0.08,9.96,False,LOW,normal
28.6,209.0,5.2,0.1,-0.08,9.9,False,LOW,normal
28.5,199.0,5.3,0.13,-0.04,9.84,False,LOW,normal
27.9,206.0,5.4,0.18,-0.04,9.85,False,LOW,normal
27.7,189.0,5.2,0.18,0.05,9.85,False,LOW,normal
28.0,179.0,4.9,0.18,0.01,9.85,False,LOW,normal
27.1,177.0,4.7,0.09,-0.09,9.88,False,LOW,normal
26.9,172.0,4.9,0.1,0.02,9.9,False,LOW,normal
27.0,163.0,5.3,0.11,0.05,9.84,False,LOW,normal
27.5,168.0,5.3,0.15,0.04,9.78,False,LOW,normal
27.6,164.0,5.2,0.1,0.06,9.74,False,LOW,normal
28.2,183.0,5.4,0.04,0.07,9.72,False,LOW,normal
27.6,178.0,6.0,0.06,0.07,9.7,False,LOW,normal
27.8,162.0,5.5,0.01,0.03,9.72,False,LOW,normal
27.9,160.0,5.3,-0.02,-0.02,9.76,False,LOW,normal
28.3,175.0,5.1,-0.03,0.03,9.81,False,LOW,normal
27.8,164.0,5.4,0.02,0.1,9.83,False,LOW,normal
27.4,158.0,5.2,0.04,0.13,9.84,False,LOW,normal
28.3,161.0,5.3,-0.08,0.16,9.85,False,LOW,normal
28.7,158.0,5.5,-0.05,0.21,9.85,False,LOW,normal
28.0,164.0,5.8,-0.11,0.21,9.83,False,LOW,normal
26.6,172.0,5.8,-0.06,0.16,9.82,False,LOW,normal
25.3,161.0,6.1,-0.04,0.11,9.81,False,LOW,normal
25.1,173.0,6.1,0.0,0.11,9.83,False,LOW,normal
26.2,182.0,6.3,-0.05,0.14,9.88,False,LOW,normal
27.0,171.0,6.3,-0.03,0.07,9.77,False,LOW,normal
25.9,174.0,6.3,-0.08,-0.02,9.74,False,LOW,normal
25.4,175.0,6.0,-0.12,-0.06,9.76,False,LOW,normal
26.1,182.0,6.4,-0.17,-0.05,9.81,False,LOW,normal
26.6,171.0,6.5,-0.09,-0.05,9.83,False,LOW,normal
26.9,180.0,6.3,-0.07,-0.1,9.9,False,LOW,normal
27.0,186.0,6.4,-0.09,-0.01,9.84,False,LOW,normal
26.9,177.0,6.6,-0.18,-0.05,9.86,False,LOW,normal
26.1,183.0,6.9,-0.09,0.0,9.85,False,LOW,normal
25.1,196.0,6.5,-0.1,-0.02,9.85,False,LOW,normal
26.3,193.0,6.3,-0.03,-0.05,9.79,False,LOW,normal
26.5,194.0,6.3,-0.08,0.02,9.82,False,LOW,normal
26.4,200.0,6.2,-0.03,0.1,9.83,False,LOW,normal
26.2,201.0,6.1,-0.14,0.17,9.86,False,LOW,normal
25.5,223.0,6.3,-0.05,0.28,9.83,False,LOW,normal
25.5,216.0,5.7,-0.08,0.23,9.83,False,LOW,normal
25.4,232.0,5.7,-0.06,0.25,9.88,False,LOW,normal
25.1,233.0,5.4,-0.07,0.24,9.88,False,LOW,normal
23.7,244.0,5.4,-0.09,0.21,9.85,False,LOW,normal
23.9,244.0,5.6,-0.07,0.22,9.82,False,LOW,normal
23.5,234.0,5.8,-0.11,0.23,9.83,False,LOW,normal
23.3,239.0,5.8,-0.1,0.18,9.83,False,LOW,normal
23.6,232.0,5.6,-0.09,0.18,9.82,False,LOW,normal
23.3,234.0,6.0,-0.07,0.14,9.72,False,LOW,normal
23.8,232.0,5.7,-0.06,0.1,9.71,False,LOW,normal
24.2,227.0,6.0,-0.03,0.06,9.57,False,LOW,normal
24.2,230.0,6.1,-0.06,0.04,9.7,False,LOW,normal
24.9,232.0,5.9,-0.04,0.1,9.73,False,LOW,normal
25.2,232.0,5.7,-0.04,0.16,9.71,False,LOW,normal
25.7,218.0,5.6,-0.11,0.19,9.68,False,LOW,normal
26.0,217.0,5.4,-0.08,0.24,9.75,False,LOW,normal
26.6,212.0,4.9,-0.09,0.24,9.78,False,LOW,normal
27.2,224.0,4.7,-0.11,0.22,9.72,False,LOW,normal
26.8,203.0,4.7,-0.12,0.17,9.73,False,LOW,normal
27.5,192.0,4.9,-0.08,0.2,9.77,False,LOW,normal
27.5,195.0,5.0,-0.07,0.21,9.74,False,LOW,normal
27.7,203.0,4.6,-0.14,0.14,9.85,False,LOW,normal
28.1,211.0,4.0,-0.08,0.1,9.87,False,LOW,normal
27.7,204.0,3.7,-0.02,0.19,9.79,False,LOW,normal
27.7,216.0,3.9,-0.08,0.2,9.86,False,LOW,normal
28.0,227.0,3.8,-0.07,0.26,9.83,False,LOW,normal
28.0,228.0,3.7,-0.08,0.29,9.86,False,LOW,normal
28.0,226.0,4.2,-0.11,0.23,9.85,False,LOW,normal
27.9,222.0,4.6,-0.13,0.28,9.89,False,LOW,normal
27.9,227.0,4.3,-0.22,0.2,9.88,False,LOW,normal
28.5,228.0,4.5,-0.24,0.23,9.91,False,LOW,normal
28.6,222.0,4.4,-0.21,0.27,9.91,False,LOW,normal
28.6,223.0,3.8,-0.16,0.27,9.87,False,LOW,normal
29.1,212.0,3.9,-0.18,0.25,9.88,False,LOW,normal
29.0,211.0,4.1,-0.24,0.24,9.89,False,LOW,normal
27.9,192.0,3.7,-0.17,0.13,9.96,False,LOW,normal
28.4,204.0,3.3,-0.17,0.11,9.98,False,LOW,normal
28.5,210.0,3.5,-0.2,0.01,9.95,False,LOW,normal
28.1,199.0,3.8,-0.13,0.08,9.89,False,LOW,normal
27.8,211.0,3.7,-0.17,0.04,9.86,False,LOW,normal
28.0,214.0,4.0,-0.13,-0.03,9.87,False,LOW,normal
28.6,198.0,4.3,-0.12,0.07,9.86,False,LOW,normal
29.2,213.0,4.4,-0.08,0.09,9.88,False,LOW,normal
29.5,213.0,3.7,-0.06,0.14,9.81,False,LOW,normal
29.5,211.0,3.8,-0.0,0.2,9.72,False,LOW,normal
29.5,210.0,3.8,0.02,0.27,9.8,False,LOW,normal
29.5,212.0,4.0,0.01,0.25,9.75,False,LOW,normal
29.0,216.0,4.3,0.02,0.22,9.79,False,LOW,normal
28.8,210.0,4.5,0.04,0.23,9.77,False,LOW,normal
28.4,206.0,4.4,0.02,0.26,9.74,False,LOW,normal
28.4,201.0,4.2,-0.03,0.22,9.76,False,LOW,normal
28.3,197.0,4.5,-0.09,0.21,9.75,False,LOW,normal
28.3,205.0,4.6,-0.12,0.21,9.75,False,LOW,normal
28.2,213.0,4.7,-0.14,0.13,9.7,False,LOW,normal
28.4,220.0,4.8,-0.12,0.2,9.68,False,LOW,normal
28.3,227.0,4.6,-0.06,0.22,9.71,False,LOW,normal
28.2,220.0,4.2,-0.01,0.25,9.83,False,LOW,normal
28.1,237.0,4.3,-0.21,0.27,9.81,False,LOW,normal
27.8,235.0,4.7,-0.13,0.17,9.78,False,LOW,normal
26.9,230.0,4.9,-0.08,0.13,9.76,False,LOW,normal
26.6,223.0,5.3,-0.18,0.18,9.64,False,LOW,normal
26.4,219.0,5.3,-0.16,0.26,9.68,False,LOW,normal
26.1,214.0,5.2,-0.13,0.22,9.66,False,LOW,normal
25.9,215.0,5.2,-0.13,0.2,9.69,False,LOW,normal
26.0,212.0,4.9,-0.07,0.16,9.65,False,LOW,normal
26.2,226.0,5.4,-0.16,0.17,9.6,False,LOW,normal
25.6,233.0,5.5,-0.13,0.1,9.61,False,LOW,normal
26.4,232.0,5.2,-0.08,0.09,9.58,False,LOW,normal
27.0,227.0,5.7,-0.17,0.12,9.6,False,LOW,normal
27.2,235.0,5.6,-0.12,0.13,9.69,False,LOW,normal
27.0,244.0,6.0,-0.1,0.1,9.71,False,LOW,normal
27.7,231.0,5.7,-0.09,0.09,9.74,False,LOW,normal
27.3,235.0,5.6,-0.13,0.06,9.79,False,LOW,normal
27.4,239.0,5.5,-0.11,0.09,9.79,False,LOW,normal
27.4,254.0,5.6,-0.06,0.03,9.81,False,LOW,normal
28.0,259.0,5.2,-0.08,0.02,9.83,False,LOW,normal
27.8,260.0,5.2,-0.1,-0.06,9.86,False,LOW,normal
27.4,262.0,4.8,-0.1,-0.02,9.88,False,LOW,normal
27.5,249.0,4.9,-0.16,0.05,9.84,False,LOW,normal
28.1,244.0,4.9,-0.23,0.04,9.85,False,LOW,normal
27.6,249.0,5.1,-0.23,0.07,9.84,False,LOW,normal
26.6,244.0,5.2,-0.26,0.08,9.8,False,LOW,normal
27.2,242.0,4.9,-0.22,0.06,9.74,False,LOW,normal
27.3,244.0,4.9,-0.2,0.06,9.77,False,LOW,normal
28.4,236.0,4.6,-0.12,0.04,9.76,False,LOW,normal
27.9,239.0,4.7,-0.15,0.08,9.77,False,LOW,normal
27.9,225.0,4.7,-0.25,0.04,9.76,False,LOW,normal
28.2,224.0,4.5,-0.28,0.02,9.8,False,LOW,normal
27.9,213.0,4.2,-0.27,-0.0,9.87,False,LOW,normal
28.1,217.0,3.7,-0.3,-0.03,9.91,False,LOW,normal
28.9,211.0,3.9,-0.26,-0.07,9.93,False,LOW,normal
28.2,196.0,3.7,-0.27,-0.07,9.93,False,LOW,normal
27.4,190.0,4.5,-0.23,-0.13,9.87,False,LOW,normal
27.2,200.0,4.6,-0.29,-0.06,9.92,False,LOW,normal
26.9,190.0,4.9,-0.26,-0.11,9.84,False,LOW,normal
26.4,190.0,4.8,-0.16,-0.01,9.87,False,LOW,normal
26.0,188.0,5.0,-0.18,-0.08,9.93,False,LOW,normal
25.0,194.0,4.8,-0.12,-0.09,9.98,False,LOW,normal
25.2,195.0,4.7,-0.09,-0.09,9.93,False,LOW,normal
25.4,199.0,5.0,-0.12,-0.09,9.94,False,LOW,normal
25.4,195.0,4.7,-0.06,-0.13,9.89,False,LOW,normal
25.2,199.0,4.8,-0.08,-0.12,9.85,False,LOW,normal
24.9,194.0,5.0,-0.07,-0.11,9.79,False,LOW,normal
25.0,194.0,5.0,-0.02,-0.18,9.78,False,LOW,normal
25.5,182.0,5.4,-0.02,-0.24,9.75,False,LOW,normal
25.5,191.0,5.3,-0.05,-0.28,9.79,False,LOW,normal
25.4,189.0,5.4,0.01,-0.23,9.89,False,LOW,normal
25.9,207.0,5.4,-0.01,-0.19,9.88,False,LOW,normal
25.5,209.0,5.1,-0.03,-0.16,9.9,False,LOW,normal
25.7,214.0,5.3,-0.04,-0.2,9.79,False,LOW,normal
25.2,215.0,5.5,-0.06,-0.26,9.8,False,LOW,normal
25.6,231.0,5.7,-0.04,-0.24,9.74,False,LOW,normal
25.6,228.0,5.9,-0.02,-0.22,9.68,False,LOW,normal
25.6,225.0,5.7,-0.01,-0.19,9.66,False,LOW,normal
25.3,230.0,5.6,-0.05,-0.11,9.69,False,LOW,normal
24.5,220.0,5.7,0.02,-0.15,9.61,False,LOW,normal
24.7,211.0,6.2,0.04,-0.1,9.56,False,LOW,normal
25.3,219.0,6.6,0.08,0.01,9.57,False,LOW,normal
25.0,219.0,6.8,0.0,0.03,9.59,False,LOW,normal
25.0,210.0,6.5,-0.02,-0.02,9.62,False,LOW,normal
24.0,204.0,7.0,-0.03,-0.1,9.65,False,LOW,normal
23.7,214.0,6.5,-0.03,-0.05,9.63,False,LOW,normal
23.7,214.0,6.7,0.06,-0.03,9.64,False,LOW,normal
23.9,207.0,6.7,0.11,-0.04,9.62,False,LOW,normal
23.8,205.0,7.1,0.14,0.05,9.62,False,LOW,normal
23.5,198.0,6.8,0.11,0.1,9.7,False,LOW,normal
23.9,201.0,6.9,0.08,0.09,9.7,False,LOW,normal
24.8,208.0,7.4,0.03,0.06,9.74,False,LOW,normal
25.4,191.0,7.3,0.08,0.05,9.73,False,LOW,normal
25.3,191.0,7.3,0.03,-0.01,9.83,False,LOW,normal
25.6,189.0,7.3,0.08,0.06,9.91,False,LOW,normal
25.4,192.0,7.3,0.14,0.09,9.92,False,LOW,normal
25.3,198.0,7.2,0.02,0.02,9.91,False,LOW,normal
25.4,201.0,6.7,0.1,-0.02,9.87,False,LOW,normal
25.7,197.0,6.7,0.08,0.01,9.89,False,LOW,normal
25.5,192.0,6.6,0.08,-0.04,9.85,False,LOW,normal
25.7,190.0,6.5,0.16,-0.01,9.75,False,LOW,normal
26.7,188.0,6.2,0.11,-0.04,9.69,False,LOW,normal
26.9,190.0,6.2,0.05,-0.07,9.64,False,LOW,normal
27.1,192.0,6.0,0.11,-0.11,9.69,False,LOW,normal
25.9,194.0,5.7,0.08,-0.13,9.66,False,LOW,normal
25.3,184.0,5.6,0.09,-0.13,9.67,False,LOW,normal
24.9,178.0,5.8,0.06,-0.08,9.6,False,LOW,normal
24.7,178.0,6.7,0.07,-0.09,9.58,False,LOW,normal
25.1,175.0,7.2,0.01,-0.01,9.69,False,LOW,normal
25.4,162.0,7.3,0.01,-0.09,9.76,False,LOW,normal
24.8,171.0,7.6,0.08,-0.14,9.75,False,LOW,normal
24.7,184.0,8.0,0.04,-0.2,9.72,False,LOW,normal
25.2,184.0,7.5,0.01,-0.11,9.73,False,LOW,normal
25.5,189.0,7.3,0.04,-0.17,9.76,False,LOW,normal
26.1,185.0,7.4,0.04,-0.15,9.79,False,LOW,normal
26.6,164.0,7.6,0.05,-0.16,9.8,False,LOW,normal
26.7,165.0,7.6,0.03,-0.24,9.84,False,LOW,normal
26.3,162.0,7.0,0.13,-0.21,9.89,False,LOW,normal
25.9,169.0,6.9,0.01,-0.21,9.9,False,LOW,normal
26.4,165.0,6.9,-0.02,-0.21,9.82,False,LOW,normal
26.9,176.0,6.7,0.02,-0.21,9.83,False,LOW,normal
27.0,170.0,6.7,0.04,-0.21,9.72,False,LOW,normal
26.3,184.0,7.1,0.03,-0.14,9.8,False,LOW,normal
25.8,196.0,7.0,0.09,-0.13,9.8,False,LOW,normal
25.6,201.0,7.4,0.2,-0.08,9.71,False,LOW,normal
25.8,207.0,7.9,0.2,-0.08,9.73,False,LOW,normal
25.8,220.0,8.1,0.25,-0.07,9.69,False,LOW,normal
26.7,212.0,8.0,0.21,0.02,9.67,False,LOW,normal
27.5,209.0,5.1,0.01,-0.05,10.01,False,LOW,gas_leak
27.7,204.0,5.5,-0.04,-0.14,9.95,False,LOW,gas_leak
27.6,209.0,5.5,-0.13,0.04,9.64,False,LOW,gas_leak
27.1,207.0,5.9,0.24,0.25,9.87,False,LOW,gas_leak
27.2,216.0,5.9,-0.07,-0.05,9.8,False,LOW,gas_leak
27.0,198.0,5.8,0.1,-0.04,9.76,False,LOW,gas_leak
26.6,211.0,5.6,-0.05,-0.33,10.18,False,LOW,gas_leak
26.2,221.0,5.5,0.2,-0.25,9.66,False,LOW,gas_leak
26.2,201.0,5.6,-0.31,-0.02,9.99,False,LOW,gas_leak
25.9,222.0,5.5,-0.01,-0.12,10.02,False,LOW,gas_leak
25.8,223.0,5.8,0.06,0.24,9.57,False,LOW,gas_leak
25.7,201.0,5.7,-0.04,0.08,9.63,False,LOW,gas_leak
25.4,217.0,5.6,-0.21,-0.23,9.79,False,LOW,gas_leak
25.3,220.0,5.6,0.14,-0.29,9.84,False,LOW,gas_leak
25.5,213.0,5.8,0.04,-0.07,9.8,False,LOW,gas_leak
25.3,211.0,5.7,-0.2,-0.23,9.66,False,LOW,gas_leak
24.9,203.0,5.8,-0.36,0.2,10.06,False,LOW,gas_leak
24.6,222.0,5.8,0.22,-0.05,9.71,False,LOW,gas_leak
24.9,209.0,5.8,0.1,-0.21,9.92,False,LOW,gas_leak
25.1,232.0,5.8,-0.15,-0.03,9.99,False,LOW,gas_leak
25.2,225.0,5.8,-0.13,-0.11,9.71,False,LOW,gas_leak
25.5,206.0,5.4,-0.0,-0.11,9.66,False,LOW,gas_leak
25.3,219.0,5.6,0.05,0.23,9.76,False,LOW,gas_leak
24.6,224.0,5.4,-0.03,-0.5,9.6,False,LOW,gas_leak
24.7,248.0,5.3,-0.12,0.02,10.26,False,LOW,gas_leak
24.6,210.0,5.4,-0.25,0.2,9.9,False,LOW,gas_leak
24.8,215.0,5.5,-0.34,0.13,9.71,False,LOW,gas_leak
25.2,247.0,5.4,-0.05,-0.14,9.91,False,LOW,gas_leak
24.9,248.0,5.4,0.25,-0.25,10.06,False,LOW,gas_leak
24.7,238.0,5.3,-0.15,-0.03,9.46,False,LOW,gas_leak
24.9,227.0,5.3,0.09,-0.2,10.04,False,LOW,gas_leak
24.5,228.0,5.6,0.29,0.19,9.63,False,LOW,gas_leak
24.8,234.0,5.3,-0.19,-0.12,9.85,False,LOW,gas_leak
24.9,250.0,5.4,-0.22,-0.22,9.73,False,LOW,gas_leak
25.3,256.0,4.9,-0.07,0.05,9.77,False,LOW,gas_leak
25.1,244.0,5.1,-0.2,0.22,10.06,False,LOW,gas_leak
24.7,237.0,5.2,0.14,-0.46,10.14,False,LOW,gas_leak
24.5,231.0,5.2,0.26,-0.11,9.86,False,LOW,gas_leak
24.3,242.0,5.3,0.05,-0.0,9.9,False,LOW,gas_leak
24.0,263.0,5.2,0.02,-0.26,9.89,False,LOW,gas_leak
24.4,257.0,5.4,0.08,-0.28,9.97,False,LOW,gas_leak
24.1,249.0,5.3,0.09,0.25,9.65,False,LOW,gas_leak
24.4,253.0,5.3,0.26,-0.21,9.72,False,LOW,gas_leak
24.2,231.0,5.2,0.05,-0.19,9.73,False,LOW,gas_leak
23.8,265.0,5.5,-0.01,-0.01,9.96,False,LOW,gas_leak
23.5,244.0,5.5,-0.32,-0.11,9.49,False,LOW,gas_leak
23.0,252.0,5.4,-0.1,0.01,9.54,False,LOW,gas_leak
22.9,255.0,5.3,0.09,0.13,9.6,False,LOW,gas_leak
22.7,246.0,5.2,0.14,-0.5,9.68,False,LOW,gas_leak
23.1,275.0,5.1,-0.01,-0.36,9.74,False,LOW,gas_leak
23.1,268.0,5.3,-0.14,0.13,9.96,False,LOW,gas_leak
23.0,265.0,5.3,0.12,-0.04,9.63,False,LOW,gas_leak
22.9,258.0,5.5,-0.08,0.1,9.69,False,LOW,gas_leak
22.5,271.0,5.5,0.24,-0.14,9.85,False,LOW,gas_leak
22.5,264.0,5.3,-0.15,-0.2,9.69,False,LOW,gas_leak
22.3,259.0,5.3,-0.21,0.01,10.08,False,LOW,gas_leak
22.8,274.0,5.5,0.29,-0.08,9.73,False,LOW,gas_leak
23.0,266.0,5.4,0.06,0.06,9.84,False,LOW,gas_leak
23.4,260.0,5.0,0.17,0.17,10.12,False,LOW,gas_leak
23.5,262.0,4.5,-0.35,-0.26,10.04,False,LOW,gas_leak
23.5,268.0,4.7,0.07,0.1,9.74,False,LOW,gas_leak
23.3,274.0,4.9,0.11,-0.07,9.93,False,LOW,gas_leak
23.2,284.0,4.8,0.07,0.11,10.15,False,LOW,gas_leak
23.5,276.0,4.9,0.36,0.06,9.7,False,LOW,gas_leak
24.1,270.0,5.1,-0.22,-0.03,9.51,False,LOW,gas_leak
24.0,271.0,5.0,-0.41,-0.09,9.68,False,LOW,gas_leak
24.0,278.0,5.0,-0.49,-0.44,10.02,False,LOW,gas_leak
23.7,273.0,5.0,0.25,-0.25,9.84,False,LOW,gas_leak
23.7,287.0,5.1,0.13,0.08,9.88,False,LOW,gas_leak
24.2,274.0,5.0,-0.23,0.36,9.86,False,LOW,gas_leak
24.7,288.0,4.9,0.14,-0.31,9.82,False,LOW,gas_leak
24.4,283.0,4.9,0.36,0.04,9.88,False,LOW,gas_leak
24.7,292.0,4.3,-0.24,-0.09,9.57,False,LOW,gas_leak
24.6,287.0,4.5,-0.08,-0.15,9.47,False,LOW,gas_leak
24.7,300.0,4.6,0.14,-0.08,9.83,False,LOW,gas_leak
24.7,297.0,4.5,0.17,-0.06,9.76,False,LOW,gas_leak
25.0,302.0,4.7,0.04,-0.08,9.76,False,LOW,gas_leak
24.6,300.0,4.4,-0.1,-0.26,9.82,False,LOW,gas_leak
24.4,282.0,4.7,0.2,0.05,9.96,False,LOW,gas_leak
24.7,299.0,4.5,0.22,-0.01,9.82,False,LOW,gas_leak
25.1,289.0,4.5,0.13,-0.0,9.79,False,LOW,gas_leak
24.9,297.0,4.6,-0.43,0.14,9.79,False,LOW,gas_leak
24.8,310.0,4.3,-0.46,-0.26,9.66,False,LOW,gas_leak
25.0,298.0,4.3,0.24,-0.08,9.71,False,LOW,gas_leak
24.9,306.0,4.4,-0.07,0.13,9.71,False,LOW,gas_leak
25.1,306.0,4.4,0.35,0.07,9.7,False,LOW,gas_leak
24.9,307.0,4.2,-0.06,-0.09,9.74,False,LOW,gas_leak
25.2,313.0,4.1,0.2,0.14,9.7,False,LOW,gas_leak
25.5,297.0,4.3,0.36,-0.19,9.43,False,LOW,gas_leak
25.4,321.0,4.3,0.36,0.2,9.59,False,LOW,gas_leak
25.6,321.0,4.5,-0.22,-0.37,10.14,False,LOW,gas_leak
25.2,313.0,4.9,-0.04,-0.22,9.7,False,LOW,gas_leak
25.1,288.0,5.1,0.18,0.08,9.63,False,LOW,gas_leak
25.3,301.0,5.5,0.37,0.03,9.85,False,LOW,gas_leak
25.5,324.0,5.5,-0.01,0.02,10.1,False,LOW,gas_leak
25.6,309.0,5.5,0.09,-0.32,9.71,False,LOW,gas_leak
25.9,306.0,5.2,0.22,-0.39,9.49,False,LOW,gas_leak
25.8,313.0,5.1,-0.09,-0.04,9.89,False,LOW,gas_leak
25.7,310.0,5.0,-0.24,0.02,9.87,False,LOW,gas_leak
25.6,324.0,5.3,-0.13,0.39,9.8,False,LOW,gas_leak
25.4,303.0,5.6,0.01,0.04,9.61,False,LOW,gas_leak
25.6,317.0,5.5,0.23,0.03,9.64,False,LOW,gas_leak
25.0,332.0,5.8,-0.08,-0.17,9.9,False,LOW,gas_leak
25.5,330.0,6.3,-0.11,-0.21,9.89,False,LOW,gas_leak
25.7,314.0,6.3,0.05,-0.32,9.72,False,LOW,gas_leak
25.7,326.0,6.4,0.05,0.01,9.51,False,LOW,gas_leak
25.7,320.0,6.4,0.3,-0.15,9.45,False,LOW,gas_leak
25.6,327.0,6.4,0.31,-0.1,10.13,False,LOW,gas_leak
25.7,339.0,6.5,-0.2,0.05,9.76,False,LOW,gas_leak
26.1,330.0,6.4,-0.07,-0.02,9.87,False,LOW,gas_leak
26.1,342.0,6.4,0.29,0.03,9.7,False,LOW,gas_leak
26.3,326.0,6.3,0.04,0.02,9.94,False,LOW,gas_leak
26.1,317.0,6.0,0.12,-0.11,9.7,False,LOW,gas_leak
25.8,338.0,6.1,-0.08,0.05,9.7,False,LOW,gas_leak
25.6,340.0,6.1,-0.19,-0.18,9.51,False,LOW,gas_leak
26.1,351.0,6.1,0.07,0.24,9.85,False,LOW,gas_leak
25.9,351.0,6.0,0.12,0.25,9.59,False,LOW,gas_leak
26.3,348.0,5.8,-0.02,-0.04,9.97,False,LOW,gas_leak
26.2,353.0,5.6,-0.45,-0.49,9.79,False,LOW,gas_leak
26.1,348.0,5.6,-0.17,-0.08,9.62,False,LOW,gas_leak
26.0,353.0,5.7,-0.04,0.2,9.89,False,LOW,gas_leak
26.2,335.0,6.2,0.09,-0.11,9.77,False,LOW,gas_leak
26.5,331.0,6.0,-0.16,0.08,9.66,False,LOW,gas_leak
26.7,360.0,6.1,0.06,0.1,9.97,False,LOW,gas_leak
27.0,345.0,6.0,-0.06,-0.01,9.76,False,LOW,gas_leak
27.5,356.0,5.6,0.03,-0.24,9.69,False,LOW,gas_leak
27.6,356.0,5.4,0.44,-0.06,9.75,False,LOW,gas_leak
27.5,344.0,5.6,0.08,0.1,9.81,False,LOW,gas_leak
27.6,343.0,5.4,0.21,-0.24,9.8,False,LOW,gas_leak
27.8,365.0,5.5,-0.26,0.28,9.57,False,LOW,gas_leak
27.8,343.0,5.5,0.22,-0.23,9.53,False,LOW,gas_leak
27.7,362.0,5.6,-0.12,0.09,9.97,False,LOW,gas_leak
27.6,360.0,5.7,-0.07,0.07,9.84,False,LOW,gas_leak
27.9,360.0,5.6,0.03,-0.26,10.07,False,LOW,gas_leak
27.7,363.0,5.6,0.48,0.23,9.59,False,LOW,gas_leak
27.4,339.0,5.8,0.06,-0.08,9.67,False,LOW,gas_leak
27.4,371.0,6.0,-0.16,-0.06,9.74,False,LOW,gas_leak
28.0,343.0,6.3,0.34,-0.16,10.05,False,LOW,gas_leak
27.6,361.0,6.5,-0.19,0.11,9.93,False,LOW,gas_leak
27.8,374.0,6.6,0.5,0.07,10.25,False,LOW,gas_leak
27.8,361.0,6.8,-0.04,0.01,9.78,False,LOW,gas_leak
27.6,356.0,6.9,-0.12,-0.3,9.69,False,LOW,gas_leak
27.8,358.0,6.9,-0.02,-0.03,9.95,False,LOW,gas_leak
27.7,367.0,6.7,0.2,-0.29,9.9,False,LOW,gas_leak
27.6,374.0,6.7,-0.22,0.11,9.99,False,LOW,gas_leak
27.8,366.0,6.5,-0.1,0.01,10.05,False,LOW,gas_leak
27.8,386.0,6.6,-0.0,-0.22,9.48,False,LOW,gas_leak
27.9,379.0,6.2,-0.25,0.36,9.58,False,LOW,gas_leak
27.6,378.0,6.3,0.03,0.14,9.68,False,LOW,gas_leak
27.4,377.0,6.4,-0.07,-0.3,9.84,False,LOW,gas_leak
27.3,375.0,6.6,-0.22,0.05,9.73,False,LOW,gas_leak
27.4,375.0,6.5,-0.36,0.18,9.66,False,LOW,gas_leak
27.6,369.0,6.2,0.13,-0.07,9.74,False,LOW,gas_leak
27.3,398.0,6.4,-0.14,0.25,9.78,False,LOW,gas_leak
26.7,421.0,6.6,-0.07,-0.15,9.8,False,LOW,gas_leak
25.7,382.0,6.7,0.01,-0.38,9.88,False,LOW,gas_leak
26.2,392.0,6.8,0.22,-0.04,10.2,False,LOW,gas_leak
26.3,381.0,6.7,0.09,0.35,10.15,False,LOW,gas_leak
26.2,385.0,6.4,-0.1,0.18,9.71,False,LOW,gas_leak
26.3,410.0,6.4,-0.07,-0.23,9.86,False,LOW,gas_leak
26.3,380.0,6.2,0.16,-0.03,9.62,False,LOW,gas_leak
26.4,394.0,6.1,0.27,-0.16,9.6,False,LOW,gas_leak
26.4,380.0,6.2,0.11,-0.1,9.93,False,LOW,gas_leak
26.1,396.0,6.3,0.26,-0.0,9.78,False,LOW,gas_leak
26.1,386.0,6.3,-0.02,0.18,9.74,False,LOW,gas_leak
26.3,394.0,6.4,-0.38,0.1,9.77,False,LOW,gas_leak
26.5,394.0,6.4,0.33,-0.13,9.86,False,LOW,gas_leak
26.4,391.0,6.6,-0.16,0.1,9.66,False,LOW,gas_leak
26.4,388.0,6.5,0.18,0.48,9.85,False,LOW,gas_leak
26.7,414.0,6.1,-0.03,0.02,9.86,False,LOW,gas_leak
26.6,407.0,5.9,0.01,0.05,9.95,False,LOW,gas_leak
26.4,394.0,6.0,0.37,0.08,9.82,False,LOW,gas_leak
26.5,417.0,6.0,-0.03,0.06,9.72,False,LOW,gas_leak
26.9,391.0,5.8,0.08,-0.34,9.69,False,LOW,gas_leak
27.0,400.0,5.7,-0.02,0.12,9.55,False,LOW,gas_leak
26.8,411.0,5.7,0.35,-0.17,9.57,False,LOW,gas_leak
26.6,395.0,5.7,-0.04,-0.11,10.2,False,LOW,gas_leak
26.6,402.0,5.6,-0.26,0.17,9.52,False,LOW,gas_leak
26.5,401.0,5.7,0.0,-0.33,9.33,False,LOW,gas_leak
25.7,409.0,5.6,-0.16,-0.34,9.68,False,LOW,gas_leak
25.8,412.0,5.4,-0.4,0.02,9.68,False,LOW,gas_leak
25.8,417.0,5.5,-0.02,-0.2,10.12,False,LOW,gas_leak
25.8,429.0,5.8,0.27,-0.11,9.91,False,LOW,gas_leak
25.9,415.0,5.7,-0.19,-0.01,9.96,False,LOW,gas_leak
25.7,425.0,5.6,-0.27,0.12,9.97,False,LOW,gas_leak
26.4,436.0,5.8,-0.06,-0.13,10.08,False,LOW,gas_leak
26.8,432.0,5.8,0.15,0.32,9.68,False,LOW,gas_leak
27.3,431.0,5.7,0.21,0.23,10.0,False,LOW,gas_leak
27.0,422.0,5.6,0.23,0.13,10.09,False,LOW,gas_leak
26.8,422.0,5.5,-0.06,0.47,9.71,False,LOW,gas_leak
26.7,431.0,5.8,-0.17,-0.21,9.7,False,LOW,gas_leak
26.2,431.0,5.6,-0.04,-0.1,10.01,False,LOW,gas_leak
26.1,423.0,5.5,0.08,0.0,9.86,False,LOW,gas_leak
26.0,441.0,5.6,-0.1,-0.3,9.39,False,LOW,gas_leak
26.1,414.0,5.5,0.12,-0.11,9.3,False,LOW,gas_leak
26.8,434.0,5.4,0.06,-0.46,10.02,False,LOW,gas_leak
26.6,447.0,5.5,-0.05,0.15,9.39,False,LOW,gas_leak
26.9,441.0,5.5,-0.28,0.13,9.82,False,LOW,gas_leak
26.8,481.0,5.5,0.23,0.02,9.95,False,LOW,gas_leak
27.1,437.0,5.4,0.16,-0.21,9.77,False,LOW,gas_leak
27.2,442.0,5.7,0.26,0.05,9.99,False,LOW,gas_leak
26.8,445.0,5.7,-0.14,0.02,9.78,False,LOW,gas_leak
26.8,434.0,5.9,0.13,-0.36,9.86,False,LOW,gas_leak
26.9,451.0,5.7,0.16,0.08,9.81,False,LOW,gas_leak
27.3,446.0,5.7,0.11,0.23,9.58,False,LOW,gas_leak
27.0,441.0,6.1,-0.15,0.14,10.22,False,LOW,gas_leak
26.8,460.0,6.3,-0.17,0.05,9.8,False,LOW,gas_leak
26.7,451.0,6.5,-0.07,-0.06,9.67,False,LOW,gas_leak
26.9,463.0,6.3,0.18,0.3,9.93,False,LOW,gas_leak
27.7,443.0,6.3,-0.12,-0.13,9.42,False,LOW,gas_leak
27.7,447.0,6.3,-0.23,0.03,9.81,False,LOW,gas_leak
27.5,456.0,6.0,-0.49,0.32,9.75,False,LOW,gas_leak
27.7,448.0,5.9,0.28,0.28,9.72,False,LOW,gas_leak
27.7,449.0,5.9,0.13,0.01,9.84,False,LOW,gas_leak
27.2,449.0,5.9,-0.13,-0.02,9.8,False,LOW,gas_leak
27.1,462.0,5.6,0.08,-0.21,9.9,False,LOW,gas_leak
26.7,451.0,5.3,-0.46,0.0,10.05,False,LOW,gas_leak
26.3,469.0,5.2,0.18,-0.01,9.69,False,LOW,gas_leak
26.8,482.0,5.1,0.04,-0.01,9.61,False,LOW,gas_leak
26.8,468.0,5.3,-0.2,-0.16,9.54,False,LOW,gas_leak
26.8,461.0,5.5,-0.16,-0.11,9.82,False,LOW,gas_leak
26.8,465.0,5.5,0.17,-0.16,9.68,False,LOW,gas_leak
26.6,466.0,5.4,-0.38,-0.09,10.27,False,LOW,gas_leak
26.6,449.0,5.5,-0.01,0.29,9.47,False,LOW,gas_leak
26.2,458.0,5.4,-0.19,0.02,9.85,False,LOW,gas_leak
26.3,479.0,5.7,-0.02,-0.19,10.3,False,LOW,gas_leak
26.2,457.0,5.8,0.05,-0.02,9.71,False,LOW,gas_leak
26.2,448.0,6.2,0.23,0.14,9.76,False,LOW,gas_leak
26.3,476.0,6.3,0.07,0.06,9.74,False,LOW,gas_leak
26.3,477.0,6.1,-0.05,0.01,9.43,False,LOW,gas_leak
26.2,473.0,6.3,0.23,0.46,9.76,False,LOW,gas_leak
26.5,473.0,6.4,-0.04,0.12,10.03,False,LOW,gas_leak
26.1,467.0,6.6,0.19,0.12,9.56,False,LOW,gas_leak
25.9,473.0,6.7,-0.2,-0.26,9.6,False,LOW,gas_leak
25.9,462.0,6.9,0.19,-0.27,9.46,False,LOW,gas_leak
25.8,502.0,6.7,0.11,-0.11,10.12,False,LOW,gas_leak
26.1,481.0,6.5,0.02,-0.0,9.64,False,LOW,gas_leak
25.5,484.0,6.6,-0.13,0.06,9.32,False,LOW,gas_leak
26.3,504.0,6.2,0.18,0.04,9.76,False,LOW,gas_leak
26.2,477.0,6.2,-0.26,-0.03,9.56,False,LOW,gas_leak
26.1,505.0,6.3,0.18,-0.24,9.55,False,LOW,gas_leak
26.3,483.0,6.4,0.0,0.04,9.72,False,LOW,gas_leak
25.8,492.0,6.7,0.5,-0.07,9.98,False,LOW,gas_leak
25.4,492.0,7.0,0.09,0.06,9.89,False,LOW,gas_leak
25.6,512.0,6.9,0.2,0.28,9.82,False,LOW,gas_leak
25.0,518.0,7.1,0.04,-0.14,10.0,False,LOW,gas_leak
24.7,500.0,7.2,-0.17,-0.21,9.84,False,LOW,gas_leak
24.6,477.0,7.0,0.21,-0.15,9.83,False,LOW,gas_leak
24.5,511.0,7.1,-0.35,0.09,9.65,False,LOW,gas_leak
24.0,488.0,7.1,-0.12,0.25,9.67,False,LOW,gas_leak
23.4,501.0,7.5,0.15,0.04,9.56,False,LOW,gas_leak
23.2,514.0,7.3,-0.05,-0.3,10.01,False,LOW,gas_leak
23.1,497.0,7.3,-0.14,0.16,9.89,False,LOW,gas_leak
23.4,518.0,7.5,-0.04,-0.06,9.86,False,LOW,gas_leak
23.4,484.0,7.6,0.06,0.15,9.81,False,LOW,gas_leak
24.1,504.0,7.9,0.27,-0.04,9.52,False,LOW,gas_leak
24.3,512.0,8.3,-0.15,0.22,9.53,False,LOW,gas_leak
24.6,498.0,8.3,0.09,-0.16,9.73,False,LOW,gas_leak
24.8,511.0,8.3,0.11,-0.13,9.71,False,LOW,gas_leak
24.6,526.0,8.5,0.19,0.3,9.8,False,LOW,gas_leak
24.8,509.0,8.5,0.27,-0.1,9.83,False,LOW,gas_leak
24.6,500.0,9.1,-0.08,0.13,10.01,False,LOW,gas_leak
24.4,511.0,9.1,-0.07,-0.24,9.69,False,LOW,gas_leak
24.5,492.0,9.0,-0.12,0.1,9.92,False,LOW,gas_leak
24.7,498.0,9.1,-0.12,0.2,9.85,False,LOW,gas_leak
24.6,508.0,8.8,0.04,-0.14,9.66,False,LOW,gas_leak
24.6,529.0,9.0,-0.46,-0.01,9.61,False,LOW,gas_leak
24.8,518.0,9.3,0.34,-0.13,9.67,False,LOW,gas_leak
24.6,522.0,9.4,-0.03,-0.34,9.85,False,LOW,gas_leak
24.4,529.0,9.3,0.21,-0.06,9.49,False,LOW,gas_leak
24.5,519.0,9.7,0.03,0.26,9.72,False,LOW,gas_leak
24.0,513.0,9.4,-0.17,0.35,9.98,False,LOW,gas_leak
23.5,527.0,9.1,0.22,-0.11,9.66,False,LOW,gas_leak
23.2,515.0,9.0,0.1,0.26,9.91,False,LOW,gas_leak
23.3,531.0,9.2,0.15,-0.32,9.58,False,LOW,gas_leak
23.1,529.0,9.0,-0.3,0.17,9.68,False,LOW,gas_leak
23.5,544.0,9.0,0.16,0.32,9.9,False,LOW,gas_leak
23.1,554.0,9.0,-0.18,0.11,10.0,False,LOW,gas_leak
23.4,535.0,9.1,-0.05,-0.19,10.28,False,LOW,gas_leak
23.1,518.0,9.3,-0.09,0.38,9.94,False,LOW,gas_leak
23.3,523.0,9.5,-0.06,-0.01,9.67,False,LOW,gas_leak
22.9,543.0,9.5,0.5,-0.02,10.09,False,LOW,gas_leak
22.8,514.0,9.4,-0.1,-0.08,9.51,False,LOW,gas_leak
23.0,525.0,9.4,0.15,0.2,9.85,False,LOW,gas_leak
23.8,532.0,9.4,-0.24,-0.14,10.05,False,LOW,gas_leak
23.7,552.0,9.4,0.08,0.06,9.69,False,LOW,gas_leak
23.5,543.0,9.6,-0.12,-0.09,9.86,False,LOW,gas_leak
22.8,541.0,9.8,-0.15,-0.12,9.78,False,LOW,gas_leak
23.0,537.0,9.8,0.06,0.21,9.48,False,LOW,gas_leak
23.0,549.0,10.3,0.01,-0.13,9.81,False,LOW,gas_leak
23.5,553.0,10.8,0.13,-0.04,9.69,False,LOW,gas_leak
23.5,561.0,10.9,-0.14,0.25,9.56,False,LOW,gas_leak
23.3,562.0,10.6,0.16,0.03,9.7,False,LOW,gas_leak
23.2,556.0,10.3,0.05,0.09,9.46,False,LOW,gas_leak
23.3,548.0,10.1,-0.27,-0.0,9.8,False,LOW,gas_leak
23.3,547.0,10.0,-0.14,-0.05,9.76,False,LOW,gas_leak
23.3,563.0,9.5,-0.35,0.1,9.99,False,LOW,gas_leak
23.8,566.0,9.3,0.48,0.24,9.96,False,LOW,gas_leak
23.8,568.0,9.3,-0.18,0.29,10.2,False,LOW,gas_leak
23.4,545.0,9.1,-0.14,-0.33,10.03,False,LOW,gas_leak
23.7,538.0,9.0,0.17,-0.03,9.72,False,LOW,gas_leak
23.6,555.0,9.0,-0.09,-0.17,9.45,False,LOW,gas_leak
23.9,558.0,9.2,-0.27,0.16,9.78,False,LOW,gas_leak
23.7,574.0,9.0,-0.29,0.2,9.3,False,LOW,gas_leak
23.5,557.0,9.2,0.12,-0.04,9.84,False,LOW,gas_leak
23.7,575.0,9.0,-0.19,0.0,9.91,False,LOW,gas_leak
23.4,555.0,9.0,0.05,0.21,9.71,False,LOW,gas_leak
23.0,572.0,8.9,-0.01,0.2,9.75,False,LOW,gas_leak
22.9,569.0,8.8,0.06,-0.23,9.7,False,LOW,gas_leak
23.0,570.0,8.7,0.03,-0.2,9.66,False,LOW,gas_leak
23.2,575.0,8.7,0.07,-0.5,9.76,False,LOW,gas_leak
23.6,576.0,8.5,-0.0,-0.24,9.75,False,LOW,gas_leak
23.5,574.0,8.7,0.05,-0.18,9.7,False,LOW,gas_leak
23.8,560.0,8.6,0.06,0.21,9.48,False,LOW,gas_leak
23.7,580.0,8.2,0.13,0.03,9.49,False,LOW,gas_leak
23.4,594.0,8.2,-0.12,-0.07,10.07,False,LOW,gas_leak
23.4,581.0,8.4,-0.14,0.09,9.94,False,LOW,gas_leak
23.5,581.0,8.5,0.18,0.13,9.82,False,LOW,gas_leak
23.9,590.0,8.7,0.03,0.16,9.93,False,LOW,gas_leak
24.3,576.0,8.5,0.35,-0.05,10.24,False,LOW,gas_leak
24.5,589.0,8.3,0.23,-0.09,9.82,False,LOW,gas_leak
24.9,578.0,7.6,0.06,0.14,9.7,False,LOW,gas_leak
25.0,587.0,7.7,0.11,0.04,9.65,False,LOW,gas_leak
25.4,612.0,7.5,0.22,-0.24,9.9,False,MEDIUM,gas_leak
25.8,595.0,7.8,0.39,0.18,9.75,False,LOW,gas_leak
25.7,599.0,7.8,-0.21,0.24,10.05,False,LOW,gas_leak
25.6,592.0,7.4,-0.34,-0.27,10.02,False,LOW,gas_leak
25.5,588.0,7.8,-0.17,-0.25,9.7,False,LOW,gas_leak
25.6,611.0,7.9,-0.08,0.39,9.57,False,MEDIUM,gas_leak
25.3,613.0,8.0,-0.15,0.01,10.07,False,MEDIUM,gas_leak
25.0,590.0,7.6,0.2,-0.08,9.87,False,LOW,gas_leak
25.0,603.0,7.5,-0.37,-0.1,9.48,False,MEDIUM,gas_leak
25.5,586.0,7.9,-0.3,0.49,9.67,False,LOW,gas_leak
25.5,605.0,8.1,-0.15,-0.23,9.55,False,MEDIUM,gas_leak
25.6,590.0,8.3,0.06,-0.21,9.62,False,LOW,gas_leak
25.7,592.0,8.6,0.05,-0.23,9.85,False,LOW,gas_leak
25.7,604.0,8.7,0.35,-0.14,10.08,False,MEDIUM,gas_leak
25.9,616.0,8.4,0.1,0.04,9.58,False,MEDIUM,gas_leak
25.8,597.0,8.9,-0.41,-0.0,10.06,False,LOW,gas_leak
26.3,610.0,8.5,0.08,0.1,9.83,False,MEDIUM,gas_leak
26.1,615.0,8.5,0.08,-0.22,9.57,False,MEDIUM,gas_leak
25.7,593.0,8.7,-0.2,0.07,9.69,False,LOW,gas_leak
25.9,611.0,8.9,0.21,-0.22,9.97,False,MEDIUM,gas_leak
25.9,608.0,8.7,-0.28,0.16,9.55,False,MEDIUM,gas_leak
26.3,609.0,8.6,-0.22,-0.03,9.92,False,MEDIUM,gas_leak
26.7,629.0,8.5,0.0,0.06,9.54,False,MEDIUM,gas_leak
27.1,603.0,8.7,0.5,0.11,9.81,False,MEDIUM,gas_leak
27.2,610.0,8.9,-0.26,0.11,9.71,False,MEDIUM,gas_leak
27.1,621.0,8.8,-0.32,0.17,10.28,False,MEDIUM,gas_leak
27.5,649.0,8.6,-0.04,0.23,9.89,False,MEDIUM,gas_leak
27.9,612.0,8.9,-0.05,0.08,10.01,False,MEDIUM,gas_leak
27.9,616.0,8.7,0.17,-0.18,10.12,False,MEDIUM,gas_leak
28.0,607.0,8.8,-0.12,0.31,9.63,False,MEDIUM,gas_leak
28.0,614.0,9.1,0.21,0.07,9.87,False,MEDIUM,gas_leak
27.9,626.0,9.2,0.0,-0.3,9.9,False,MEDIUM,gas_leak
27.7,657.0,9.7,0.14,0.04,9.62,False,MEDIUM,gas_leak
27.6,618.0,9.6,0.1,-0.05,9.72,False,MEDIUM,gas_leak
27.8,623.0,9.4,-0.04,0.29,9.81,False,MEDIUM,gas_leak
27.9,610.0,9.5,-0.24,0.39,9.66,False,MEDIUM,gas_leak
27.5,638.0,9.3,0.28,-0.22,9.43,False,MEDIUM,gas_leak
27.7,636.0,9.5,0.21,0.14,9.91,False,MEDIUM,gas_leak
27.2,626.0,9.4,0.19,-0.02,9.51,False,MEDIUM,gas_leak
27.0,649.0,9.5,-0.11,0.19,9.89,False,MEDIUM,gas_leak
26.9,627.0,9.5,-0.13,-0.38,10.0,False,MEDIUM,gas_leak
27.1,642.0,9.2,0.18,0.24,9.62,False,MEDIUM,gas_leak
27.1,617.0,9.3,0.07,0.02,9.82,False,MEDIUM,gas_leak
27.6,632.0,9.5,0.17,-0.26,9.58,False,MEDIUM,gas_leak
27.5,647.0,9.1,0.15,0.05,10.2,False,MEDIUM,gas_leak
27.6,647.0,9.2,0.2,0.23,9.78,False,MEDIUM,gas_leak
28.2,627.0,9.2,-0.33,-0.13,9.97,False,MEDIUM,gas_leak
27.9,658.0,8.9,0.17,0.18,9.89,False,MEDIUM,gas_leak
27.5,645.0,9.1,0.08,0.06,9.52,False,MEDIUM,gas_leak
27.0,636.0,9.3,-0.01,-0.2,9.83,False,MEDIUM,gas_leak
27.6,652.0,9.3,-0.02,0.02,9.7,False,MEDIUM,gas_leak
27.5,638.0,9.4,-0.24,-0.4,9.67,False,MEDIUM,gas_leak
27.6,646.0,9.5,0.07,0.03,10.02,False,MEDIUM,gas_leak
27.5,651.0,9.6,-0.05,-0.22,10.08,False,MEDIUM,gas_leak
27.0,650.0,10.0,-0.02,-0.42,9.55,False,MEDIUM,gas_leak
27.5,672.0,10.1,-0.02,0.06,9.76,False,MEDIUM,gas_leak
27.2,653.0,10.0,0.19,-0.0,9.38,False,MEDIUM,gas_leak
26.7,666.0,9.9,0.11,-0.42,9.73,False,MEDIUM,gas_leak
26.7,675.0,9.6,0.01,0.07,9.62,False,MEDIUM,gas_leak
26.8,647.0,9.4,-0.06,0.08,9.79,False,MEDIUM,gas_leak
25.9,661.0,9.4,-0.23,0.22,9.91,False,MEDIUM,gas_leak
25.9,662.0,9.4,0.37,0.08,9.97,False,MEDIUM,gas_leak
25.9,685.0,9.4,0.08,-0.16,9.74,False,MEDIUM,gas_leak
26.0,661.0,9.2,0.34,-0.18,9.87,False,MEDIUM,gas_leak
25.9,674.0,9.2,-0.08,-0.23,9.44,False,MEDIUM,gas_leak
25.8,683.0,9.1,0.24,0.18,10.07,False,MEDIUM,gas_leak
25.5,663.0,9.3,0.01,0.08,9.74,False,MEDIUM,gas_leak
25.6,680.0,9.3,0.01,-0.21,9.67,False,MEDIUM,gas_leak
25.7,675.0,9.0,-0.19,0.27,9.74,False,MEDIUM,gas_leak
25.9,695.0,9.2,-0.03,-0.31,9.68,False,MEDIUM,gas_leak
26.2,675.0,9.1,-0.07,0.02,9.85,False,MEDIUM,gas_leak
25.8,675.0,9.1,0.04,-0.12,9.71,False,MEDIUM,gas_leak
26.2,673.0,9.2,-0.09,0.4,9.5,False,MEDIUM,gas_leak
26.6,673.0,9.2,0.14,0.11,10.01,False,MEDIUM,gas_leak
26.5,681.0,9.3,0.1,-0.42,10.16,False,MEDIUM,gas_leak
26.0,680.0,9.2,-0.33,-0.04,9.88,False,MEDIUM,gas_leak
26.1,678.0,9.4,-0.03,0.2,9.93,False,MEDIUM,gas_leak
25.8,684.0,9.6,0.04,0.17,9.6,False,MEDIUM,gas_leak
26.1,672.0,9.6,0.47,-0.11,10.03,False,MEDIUM,gas_leak
25.9,697.0,9.8,-0.06,-0.0,9.82,False,MEDIUM,gas_leak
25.3,686.0,9.5,0.2,-0.24,9.54,False,MEDIUM,gas_leak
24.8,708.0,9.4,0.21,0.09,9.6,False,MEDIUM,gas_leak
24.7,688.0,9.4,0.34,0.0,9.9,False,MEDIUM,gas_leak
24.3,702.0,9.4,-0.26,0.08,9.87,False,MEDIUM,gas_leak
24.3,698.0,9.5,-0.35,-0.08,9.64,False,MEDIUM,gas_leak
24.3,697.0,9.7,0.46,-0.02,9.89,False,MEDIUM,gas_leak
24.7,682.0,9.7,-0.26,-0.04,10.01,False,MEDIUM,gas_leak
24.8,695.0,9.4,-0.29,-0.3,9.73,False,MEDIUM,gas_leak
24.7,705.0,9.2,-0.11,0.24,10.3,False,MEDIUM,gas_leak
24.7,693.0,9.3,0.07,-0.0,9.97,False,MEDIUM,gas_leak
24.5,685.0,9.5,0.07,-0.35,9.58,False,MEDIUM,gas_leak
24.6,688.0,9.2,0.07,-0.3,9.46,False,MEDIUM,gas_leak
24.1,699.0,9.5,-0.08,-0.1,9.66,False,MEDIUM,gas_leak
24.2,710.0,9.2,-0.16,0.04,9.9,False,MEDIUM,gas_leak
24.2,695.0,9.5,0.26,-0.18,9.76,False,MEDIUM,gas_leak
24.3,717.0,9.4,0.1,-0.15,9.89,False,MEDIUM,gas_leak
24.5,691.0,9.3,0.13,-0.15,9.73,False,MEDIUM,gas_leak
24.4,698.0,9.0,-0.39,0.05,9.69,False,MEDIUM,gas_leak
24.3,699.0,9.3,-0.19,-0.02,9.97,False,MEDIUM,gas_leak
24.1,711.0,9.0,-0.07,0.03,10.19,False,MEDIUM,gas_leak
23.6,704.0,9.3,-0.03,0.2,9.85,False,MEDIUM,gas_leak
24.0,712.0,9.4,-0.22,-0.34,9.63,False,MEDIUM,gas_leak
23.7,720.0,9.8,-0.03,-0.28,9.59,False,MEDIUM,gas_leak
23.2,710.0,9.8,0.27,-0.11,9.82,False,MEDIUM,gas_leak
23.0,707.0,9.7,-0.03,-0.31,9.75,False,MEDIUM,gas_leak
22.7,708.0,9.4,0.31,-0.23,9.82,False,MEDIUM,gas_leak
22.5,716.0,9.6,0.22,-0.3,9.88,False,MEDIUM,gas_leak
22.6,727.0,9.6,0.05,-0.23,9.77,False,MEDIUM,gas_leak
22.9,725.0,9.6,0.16,-0.08,9.8,False,MEDIUM,gas_leak
23.2,721.0,9.5,-0.08,0.1,9.62,False,MEDIUM,gas_leak
23.4,704.0,9.2,0.14,-0.14,9.92,False,MEDIUM,gas_leak
23.4,722.0,9.4,-0.08,0.5,9.8,False,MEDIUM,gas_leak
23.2,719.0,9.7,-0.01,0.05,9.68,False,MEDIUM,gas_leak
23.7,731.0,9.5,0.15,0.2,9.75,False,MEDIUM,gas_leak
24.2,744.0,9.7,0.02,-0.19,9.57,False,MEDIUM,gas_leak
24.6,715.0,9.8,0.1,0.49,9.68,False,MEDIUM,gas_leak
25.0,745.0,9.8,-0.11,-0.02,9.94,False,MEDIUM,gas_leak
24.7,728.0,9.9,-0.05,0.19,9.99,False,MEDIUM,gas_leak
24.5,733.0,10.0,-0.19,0.13,9.76,False,MEDIUM,gas_leak
23.8,744.0,10.2,0.1,-0.15,9.74,False,MEDIUM,gas_leak
24.3,728.0,10.5,-0.03,0.29,10.05,False,MEDIUM,gas_leak
24.1,739.0,10.3,0.3,-0.32,9.8,False,MEDIUM,gas_leak
23.6,743.0,10.0,0.13,-0.07,9.93,False,MEDIUM,gas_leak
23.5,746.0,10.1,0.04,0.09,9.91,False,MEDIUM,gas_leak
23.6,739.0,10.2,0.03,-0.11,9.37,False,MEDIUM,gas_leak
23.6,732.0,10.1,0.07,0.15,9.98,False,MEDIUM,gas_leak
23.5,737.0,10.2,-0.04,0.08,10.16,False,MEDIUM,gas_leak
23.4,713.0,10.3,-0.23,-0.45,9.62,False,MEDIUM,gas_leak
23.4,745.0,10.3,0.05,0.11,9.48,False,MEDIUM,gas_leak
23.3,741.0,10.7,0.02,0.26,9.88,False,MEDIUM,gas_leak
23.4,735.0,10.5,-0.45,0.08,9.81,False,MEDIUM,gas_leak
23.4,739.0,10.5,0.04,0.2,9.59,False,MEDIUM,gas_leak
24.0,728.0,10.4,0.1,-0.05,9.85,False,MEDIUM,gas_leak
23.7,746.0,10.3,-0.13,0.12,9.96,False,MEDIUM,gas_leak
23.1,745.0,10.1,0.36,0.32,9.52,False,MEDIUM,gas_leak
22.7,739.0,10.0,0.34,0.19,10.15,False,MEDIUM,gas_leak
23.1,750.0,10.0,0.5,-0.02,9.98,False,MEDIUM,gas_leak
23.0,744.0,10.1,0.43,0.22,9.79,False,MEDIUM,gas_leak
22.9,763.0,9.9,0.03,0.13,10.09,False,MEDIUM,gas_leak
23.5,743.0,9.8,0.06,0.03,9.76,False,MEDIUM,gas_leak
23.2,758.0,9.9,0.06,-0.12,10.03,False,MEDIUM,gas_leak
23.5,740.0,9.7,-0.14,0.07,9.92,False,MEDIUM,gas_leak
24.1,748.0,9.3,-0.07,0.13,9.3,False,MEDIUM,gas_leak
24.0,758.0,9.3,-0.02,-0.36,9.84,False,MEDIUM,gas_leak
24.2,742.0,9.6,0.01,0.05,9.66,False,MEDIUM,gas_leak
24.2,765.0,9.6,0.32,-0.26,9.6,False,MEDIUM,gas_leak
24.3,752.0,9.5,-0.03,0.0,10.11,False,MEDIUM,gas_leak
24.5,766.0,9.3,-0.03,-0.26,9.99,False,MEDIUM,gas_leak
24.5,768.0,9.4,-0.34,-0.12,9.62,False,MEDIUM,gas_leak
24.0,756.0,9.0,0.02,-0.32,9.87,False,MEDIUM,gas_leak
24.0,762.0,9.2,0.02,-0.29,9.97,False,MEDIUM,gas_leak
24.1,750.0,9.2,-0.13,0.05,9.76,False,MEDIUM,gas_leak
24.1,767.0,9.2,0.07,-0.0,9.8,False,MEDIUM,gas_leak
24.2,766.0,9.2,0.12,-0.14,10.08,False,MEDIUM,gas_leak
23.7,750.0,9.3,-0.44,0.21,9.43,False,MEDIUM,gas_leak
23.4,760.0,9.1,0.2,0.23,9.74,False,MEDIUM,gas_leak
23.7,778.0,9.0,-0.04,0.02,9.7,False,MEDIUM,gas_leak
23.6,767.0,9.4,0.07,0.23,9.62,False,MEDIUM,gas_leak
23.5,773.0,9.6,-0.09,0.21,9.8,False,MEDIUM,gas_leak
23.4,758.0,9.5,-0.19,-0.02,9.87,False,MEDIUM,gas_leak
23.4,783.0,9.5,0.05,0.38,9.69,False,MEDIUM,gas_leak
23.2,773.0,9.8,0.15,0.17,9.65,False,MEDIUM,gas_leak
23.5,773.0,10.1,0.16,0.01,9.85,False,MEDIUM,gas_leak
23.4,776.0,10.5,0.29,0.18,9.8,False,MEDIUM,gas_leak
24.1,773.0,10.4,-0.26,0.16,9.95,False,MEDIUM,gas_leak
24.1,785.0,10.5,-0.09,0.28,9.88,False,MEDIUM,gas_leak
24.1,791.0,10.4,-0.21,0.31,9.55,False,MEDIUM,gas_leak
24.4,800.0,10.3,0.29,-0.2,9.77,False,MEDIUM,gas_leak
23.7,798.0,10.2,-0.03,0.02,9.58,False,MEDIUM,gas_leak
23.9,780.0,10.3,0.2,-0.21,9.86,False,MEDIUM,gas_leak
23.9,811.0,10.3,-0.02,0.46,9.78,False,MEDIUM,gas_leak
24.2,780.0,10.4,-0.16,-0.31,9.9,False,MEDIUM,gas_leak
24.5,793.0,10.6,-0.03,0.28,9.68,False,MEDIUM,gas_leak
23.8,798.0,10.3,-0.11,-0.2,9.57,False,MEDIUM,gas_leak
24.0,780.0,10.5,-0.0,-0.08,9.84,False,MEDIUM,gas_leak
23.9,802.0,10.6,-0.06,-0.09,9.63,False,MEDIUM,gas_leak
23.3,815.0,10.5,0.09,0.25,9.88,False,MEDIUM,gas_leak
28.0,194.0,4.5,-0.09,0.06,9.75,False,LOW,flood
28.0,189.0,5.7,-0.06,-0.07,9.95,False,LOW,flood
28.2,187.0,5.7,-0.2,-0.31,9.61,False,LOW,flood
28.5,179.0,5.3,-0.02,0.06,9.48,False,LOW,flood
28.3,180.0,5.7,0.28,0.15,9.47,False,LOW,flood
28.3,171.0,5.2,0.29,0.36,9.69,False,LOW,flood
27.9,168.0,5.3,-0.03,0.11,9.87,False,LOW,flood
27.9,154.0,5.9,-0.16,-0.23,10.1,False,LOW,flood
28.2,164.0,5.7,0.23,-0.12,9.92,False,LOW,flood
27.9,152.0,4.9,0.07,0.18,9.53,False,LOW,flood
27.9,148.0,6.3,-0.19,0.23,9.63,False,LOW,flood
27.4,149.0,5.7,-0.07,-0.03,9.77,False,LOW,flood
27.4,152.0,5.6,0.15,-0.4,9.92,False,LOW,flood
27.7,147.0,5.7,-0.13,0.04,9.56,False,LOW,flood
27.9,145.0,6.4,0.24,0.01,9.74,False,LOW,flood
28.1,147.0,5.9,-0.03,0.02,9.69,False,LOW,flood
27.2,154.0,5.7,-0.05,-0.04,9.89,False,LOW,flood
27.4,152.0,7.2,-0.04,-0.33,10.09,False,LOW,flood
27.2,155.0,7.1,0.09,-0.09,10.19,False,LOW,flood
27.1,151.0,5.8,0.12,0.11,9.57,False,LOW,flood
26.9,155.0,6.3,-0.19,-0.1,9.51,False,LOW,flood
27.0,155.0,5.9,0.18,0.04,9.91,False,LOW,flood
26.7,154.0,6.0,0.29,-0.14,9.85,False,LOW,flood
27.0,146.0,7.2,0.23,-0.13,9.61,False,LOW,flood
26.8,143.0,7.1,-0.0,-0.05,10.1,False,LOW,flood
26.4,145.0,7.7,0.18,-0.01,9.86,False,LOW,flood
26.6,142.0,6.6,-0.24,0.12,9.69,False,LOW,flood
26.5,133.0,7.6,0.07,0.08,10.03,False,LOW,flood
26.3,132.0,6.8,0.02,-0.41,9.75,False,LOW,flood
26.3,130.0,8.1,-0.27,0.11,9.75,False,LOW,flood
26.5,137.0,7.2,-0.09,0.15,10.0,False,LOW,flood
26.8,133.0,8.3,0.01,0.13,10.0,False,LOW,flood
27.4,130.0,8.2,-0.35,0.08,9.67,False,LOW,flood
26.8,131.0,7.7,0.06,-0.36,9.54,False,LOW,flood
26.9,129.0,8.0,0.02,-0.13,9.3,False,LOW,flood
26.5,123.0,8.2,-0.02,0.02,10.08,False,LOW,flood
26.9,124.0,8.0,-0.15,0.03,9.92,False,LOW,flood
26.7,118.0,7.3,0.2,-0.31,9.75,False,LOW,flood
26.2,110.0,8.7,-0.24,0.04,9.66,False,LOW,flood
26.8,102.0,9.0,0.16,-0.08,9.54,False,LOW,flood
26.7,101.0,8.2,-0.24,-0.3,9.75,False,LOW,flood
26.8,106.0,8.7,0.25,0.12,9.58,False,LOW,flood
26.8,105.0,8.9,0.34,0.04,9.93,False,LOW,flood
26.6,102.0,9.1,-0.26,-0.2,9.91,False,LOW,flood
26.9,100.0,7.5,0.24,0.0,9.7,False,LOW,flood
27.3,105.0,8.1,-0.25,-0.22,9.81,False,LOW,flood
27.7,100.0,8.8,-0.1,-0.17,9.73,False,LOW,flood
27.0,100.0,9.6,0.08,-0.03,9.59,False,LOW,flood
26.8,102.0,9.3,0.08,0.01,10.13,False,LOW,flood
26.3,100.0,9.2,-0.03,0.09,10.21,False,LOW,flood
26.7,100.0,9.4,-0.09,0.06,9.84,False,LOW,flood
26.7,100.0,9.4,0.15,0.15,9.6,False,LOW,flood
26.3,106.0,8.7,-0.06,-0.09,9.76,False,LOW,flood
26.4,112.0,8.5,0.17,-0.37,9.68,False,LOW,flood
26.4,109.0,8.9,0.05,-0.12,9.76,False,LOW,flood
26.1,116.0,10.1,-0.05,-0.05,9.9,False,LOW,flood
26.3,115.0,9.5,-0.17,-0.07,9.68,False,LOW,flood
25.8,104.0,9.9,-0.14,0.15,9.81,False,LOW,flood
25.8,100.0,9.4,0.33,-0.18,10.03,False,LOW,flood
26.0,100.0,9.5,0.15,0.12,10.1,False,LOW,flood
25.7,104.0,10.0,-0.2,-0.15,9.73,False,LOW,flood
25.8,109.0,10.1,-0.09,-0.24,9.73,False,LOW,flood
26.0,107.0,10.7,0.07,0.21,9.8,False,LOW,flood
26.2,107.0,9.2,-0.16,-0.18,10.03,False,LOW,flood
26.2,103.0,10.6,0.09,-0.06,9.71,False,LOW,flood
26.5,103.0,9.8,0.14,0.03,9.88,False,LOW,flood
26.4,105.0,10.5,0.02,0.12,9.91,False,LOW,flood
26.3,104.0,9.7,-0.05,0.32,9.46,False,LOW,flood
26.5,100.0,10.7,-0.11,0.08,9.76,False,LOW,flood
26.7,100.0,10.5,0.12,-0.09,10.09,False,LOW,flood
27.0,100.0,10.7,-0.11,-0.22,9.74,False,LOW,flood
26.8,100.0,10.9,0.12,0.23,9.47,False,LOW,flood
27.0,106.0,10.5,0.06,0.45,10.08,False,LOW,flood
27.1,103.0,11.3,-0.17,0.39,9.8,False,LOW,flood
26.9,100.0,11.4,-0.0,0.05,9.68,False,LOW,flood
26.6,100.0,10.7,0.15,-0.2,10.18,False,LOW,flood
26.4,105.0,12.1,-0.22,-0.15,9.74,False,LOW,flood
26.5,107.0,11.6,0.07,-0.11,9.69,False,LOW,flood
26.1,119.0,11.1,0.5,-0.14,9.87,False,LOW,flood
25.9,115.0,11.1,-0.13,0.03,9.76,False,LOW,flood
26.2,112.0,11.1,-0.08,0.24,9.62,False,LOW,flood
26.1,122.0,11.0,-0.14,-0.18,9.82,False,LOW,flood
26.5,128.0,11.4,0.07,0.23,9.42,False,LOW,flood
26.3,135.0,11.3,-0.16,0.2,9.88,False,LOW,flood
25.7,135.0,12.8,-0.3,0.17,9.73,False,LOW,flood
25.6,136.0,11.8,0.09,-0.31,9.58,False,LOW,flood
26.0,137.0,12.0,-0.14,0.33,9.78,False,LOW,flood
25.4,138.0,12.2,-0.12,0.01,10.0,False,LOW,flood
25.6,138.0,12.2,0.14,-0.17,9.91,False,LOW,flood
25.6,135.0,11.8,-0.07,0.13,9.9,False,LOW,flood
26.1,140.0,11.8,-0.13,0.07,9.77,False,LOW,flood
25.6,135.0,12.0,0.17,-0.05,10.09,False,LOW,flood
25.4,135.0,13.4,-0.27,0.43,9.67,False,LOW,flood
25.5,137.0,12.2,-0.24,0.23,9.6,False,LOW,flood
25.5,144.0,12.9,-0.28,-0.46,9.78,False,LOW,flood
25.7,138.0,11.7,0.03,-0.04,9.9,False,LOW,flood
26.1,137.0,12.4,0.13,-0.5,10.12,False,LOW,flood
26.5,137.0,12.5,-0.07,0.17,10.08,False,LOW,flood
27.0,143.0,13.1,0.16,0.12,9.39,False,LOW,flood
26.6,140.0,13.8,-0.3,-0.09,9.77,False,LOW,flood
26.8,147.0,13.4,0.0,0.19,9.85,False,LOW,flood
27.0,154.0,12.8,0.14,0.18,9.91,False,LOW,flood
27.2,152.0,12.4,-0.32,0.5,9.74,False,LOW,flood
26.7,147.0,12.8,0.13,0.5,10.07,False,LOW,flood
26.6,145.0,13.0,-0.06,0.28,9.3,False,LOW,flood
27.1,148.0,13.9,-0.07,-0.31,9.85,False,LOW,flood
27.3,149.0,12.9,-0.11,-0.13,9.91,False,LOW,flood
27.6,139.0,12.8,0.36,0.06,9.63,False,LOW,flood
27.5,140.0,13.8,0.05,0.19,9.8,False,LOW,flood
27.3,145.0,13.3,0.29,-0.36,9.56,False,LOW,flood
27.4,145.0,13.8,-0.1,0.23,9.73,False,LOW,flood
27.4,140.0,13.6,-0.07,-0.13,9.95,False,LOW,flood
27.6,138.0,14.2,-0.06,0.02,9.89,False,LOW,flood
27.7,143.0,14.5,0.02,0.2,9.3,False,LOW,flood
27.6,145.0,15.3,-0.09,0.13,10.06,False,LOW,flood
27.1,150.0,14.3,-0.25,-0.14,9.67,False,LOW,flood
26.7,143.0,14.3,0.03,0.15,9.82,False,LOW,flood
26.6,144.0,14.6,-0.16,0.22,9.67,False,LOW,flood
26.2,141.0,14.0,-0.26,0.04,9.91,False,LOW,flood
26.4,144.0,14.0,0.0,-0.03,9.77,False,LOW,flood
27.1,142.0,14.0,0.15,-0.36,9.9,False,LOW,flood
26.8,142.0,15.1,-0.07,-0.15,9.88,False,LOW,flood
26.8,141.0,14.5,0.04,-0.28,9.43,False,LOW,flood
26.7,137.0,15.5,0.07,-0.08,9.87,False,LOW,flood
26.2,135.0,14.6,-0.27,0.38,9.68,False,LOW,flood
26.2,139.0,15.4,-0.19,-0.19,9.74,False,LOW,flood
26.0,150.0,15.5,-0.42,-0.13,9.79,False,LOW,flood
25.8,139.0,15.3,-0.3,0.08,10.08,False,LOW,flood
25.6,140.0,15.1,0.35,-0.24,9.38,False,LOW,flood
25.0,152.0,14.9,0.32,-0.23,9.89,False,LOW,flood
25.0,152.0,15.6,-0.39,0.13,9.31,False,LOW,flood
25.2,151.0,15.0,-0.03,-0.01,9.82,False,LOW,flood
24.7,150.0,14.9,-0.02,-0.36,10.01,False,LOW,flood
24.4,145.0,16.2,0.31,-0.36,9.6,False,LOW,flood
24.0,148.0,16.0,0.41,-0.05,10.02,False,LOW,flood
24.1,152.0,15.6,0.1,-0.15,9.88,False,LOW,flood
24.3,154.0,16.4,-0.12,0.43,9.82,False,LOW,flood
24.6,153.0,16.1,-0.04,-0.3,9.61,False,LOW,flood
24.8,154.0,15.7,-0.41,0.14,9.73,False,LOW,flood
24.6,157.0,16.3,0.03,-0.16,9.46,False,LOW,flood
24.6,162.0,16.4,-0.29,-0.03,10.05,False,LOW,flood
24.3,159.0,15.7,0.16,-0.33,10.04,False,LOW,flood
23.7,146.0,16.1,-0.01,-0.44,9.75,False,LOW,flood
24.1,141.0,15.6,-0.1,-0.21,9.5,False,LOW,flood
23.7,149.0,16.2,0.39,0.1,10.16,False,LOW,flood
23.6,148.0,16.4,0.05,0.18,9.71,False,LOW,flood
23.6,159.0,16.8,0.09,0.14,9.47,False,LOW,flood
23.7,158.0,17.5,0.23,-0.23,9.62,False,LOW,flood
23.5,152.0,16.4,-0.18,0.32,9.52,False,LOW,flood
23.6,136.0,16.0,-0.17,-0.19,9.86,False,LOW,flood
23.7,136.0,18.3,0.19,0.18,9.9,False,LOW,flood
23.9,135.0,16.2,0.03,0.24,9.82,False,LOW,flood
23.7,142.0,17.3,-0.49,-0.06,9.77,False,LOW,flood
23.4,149.0,16.6,0.12,-0.2,9.54,False,LOW,flood
22.7,138.0,17.5,-0.15,0.01,10.15,False,LOW,flood
22.7,129.0,17.5,0.15,0.19,9.89,False,LOW,flood
22.8,126.0,17.7,0.0,0.36,9.91,False,LOW,flood
22.7,126.0,17.9,-0.07,-0.16,9.93,False,LOW,flood
22.6,126.0,17.7,0.1,-0.24,9.93,False,LOW,flood
22.7,125.0,17.9,-0.04,-0.01,9.86,False,LOW,flood
23.0,123.0,17.0,0.01,0.14,9.69,False,LOW,flood
22.5,122.0,18.5,0.18,-0.21,9.58,False,LOW,flood
23.0,121.0,18.6,0.13,0.11,9.79,False,LOW,flood
22.5,108.0,17.2,-0.01,0.19,9.89,False,LOW,flood
22.7,105.0,18.5,-0.02,0.43,9.71,False,LOW,flood
22.8,100.0,17.5,-0.16,-0.02,9.97,False,LOW,flood
22.4,100.0,18.8,-0.06,0.03,9.88,False,LOW,flood
22.2,104.0,18.4,0.04,0.34,9.8,False,LOW,flood
22.4,100.0,18.2,0.23,0.14,9.79,False,LOW,flood
22.4,104.0,19.0,-0.49,-0.24,9.82,False,LOW,flood
22.4,100.0,18.7,-0.19,-0.03,9.71,False,LOW,flood
22.2,100.0,19.1,-0.04,0.33,10.2,False,LOW,flood
22.9,100.0,18.2,0.02,0.09,9.72,False,LOW,flood
23.2,106.0,19.0,0.25,-0.27,9.6,False,LOW,flood
22.9,117.0,18.7,-0.01,-0.1,10.11,False,LOW,flood
22.7,122.0,18.1,-0.01,-0.35,9.77,False,LOW,flood
22.6,119.0,17.7,0.03,-0.37,9.82,False,LOW,flood
23.1,116.0,19.1,0.06,-0.11,9.88,False,LOW,flood
23.2,123.0,18.5,-0.06,0.19,9.79,False,LOW,flood
23.2,121.0,18.5,0.5,-0.05,9.71,False,LOW,flood
23.4,122.0,20.1,0.07,-0.15,10.0,False,LOW,flood
24.0,121.0,18.9,-0.34,0.43,10.15,False,LOW,flood
24.3,125.0,19.4,0.13,0.16,9.93,False,LOW,flood
24.9,130.0,19.4,-0.09,-0.04,9.84,False,LOW,flood
24.9,125.0,20.0,-0.24,-0.27,10.26,False,LOW,flood
25.2,130.0,19.7,0.22,-0.11,9.38,False,LOW,flood
25.3,138.0,20.1,-0.03,0.11,9.4,False,LOW,flood
25.2,145.0,20.3,-0.17,-0.17,9.81,False,LOW,flood
25.0,147.0,20.4,-0.4,-0.08,9.57,False,LOW,flood
24.8,152.0,19.1,-0.32,0.2,9.59,False,LOW,flood
25.2,152.0,21.0,-0.13,-0.09,9.49,False,LOW,flood
25.1,151.0,20.0,0.07,0.1,10.01,False,LOW,flood
25.0,152.0,19.7,0.27,0.16,10.11,False,LOW,flood
24.6,153.0,19.5,-0.05,0.16,9.58,False,LOW,flood
24.3,150.0,20.4,0.13,-0.13,9.75,False,LOW,flood
24.9,151.0,20.5,0.02,0.19,9.7,False,LOW,flood
25.6,155.0,20.4,-0.35,-0.15,9.97,False,LOW,flood
25.3,153.0,20.4,0.33,-0.07,9.9,False,LOW,flood
25.2,152.0,20.7,0.04,-0.34,9.76,False,LOW,flood
25.6,159.0,21.6,0.35,-0.05,9.55,False,LOW,flood
25.8,164.0,21.2,0.02,0.03,9.83,False,LOW,flood
26.1,165.0,22.0,0.09,-0.11,9.62,False,LOW,flood
25.8,166.0,21.1,0.07,0.05,9.76,False,LOW,flood
24.9,169.0,21.7,0.4,-0.06,10.18,False,LOW,flood
25.0,166.0,21.2,0.21,-0.15,9.65,False,LOW,flood
25.1,163.0,21.9,0.19,-0.28,9.79,False,LOW,flood
25.3,164.0,21.9,-0.23,0.13,10.11,False,LOW,flood
25.1,165.0,21.2,-0.05,-0.2,9.78,False,LOW,flood
25.8,164.0,21.3,-0.13,-0.17,9.65,False,LOW,flood
26.2,168.0,20.8,0.09,0.39,9.76,False,LOW,flood
25.9,166.0,21.8,0.11,0.0,10.0,False,LOW,flood
25.9,170.0,21.8,0.08,0.05,9.77,False,LOW,flood
25.8,170.0,21.2,-0.09,-0.11,9.75,False,LOW,flood
25.6,173.0,21.6,-0.1,-0.11,9.32,False,LOW,flood
26.1,179.0,21.7,-0.17,0.04,9.9,False,LOW,flood
26.5,186.0,22.4,0.02,-0.1,9.6,False,LOW,flood
26.3,188.0,22.4,-0.19,-0.01,9.66,False,LOW,flood
26.8,193.0,21.6,-0.07,0.06,9.61,False,LOW,flood
26.5,193.0,21.9,0.28,0.19,9.63,False,LOW,flood
26.3,200.0,22.0,-0.15,-0.36,9.84,False,LOW,flood
27.1,203.0,21.8,0.01,0.31,9.58,False,LOW,flood
27.6,197.0,23.1,-0.01,-0.14,9.65,False,LOW,flood
27.2,200.0,22.5,0.09,-0.13,10.08,False,LOW,flood
27.3,199.0,22.1,-0.15,0.32,9.44,False,LOW,flood
27.4,207.0,22.7,-0.37,-0.18,9.98,False,LOW,flood
27.2,198.0,23.0,-0.13,-0.23,9.8,False,LOW,flood
26.9,194.0,23.7,0.16,-0.01,9.76,False,LOW,flood
27.4,201.0,23.0,0.46,-0.45,9.99,False,LOW,flood
27.4,205.0,23.1,-0.12,0.02,9.58,False,LOW,flood
27.5,215.0,24.1,-0.33,0.08,9.77,False,LOW,flood
27.4,213.0,24.0,0.1,-0.32,10.05,False,LOW,flood
27.6,215.0,24.4,-0.28,-0.29,9.68,False,LOW,flood
28.0,216.0,23.4,-0.1,0.02,10.02,False,LOW,flood
27.7,208.0,23.4,0.04,0.35,9.61,False,LOW,flood
27.6,213.0,23.6,-0.23,-0.2,9.75,False,LOW,flood
27.7,210.0,24.3,-0.13,0.07,9.65,False,LOW,flood
28.0,210.0,23.7,0.09,-0.17,9.91,False,LOW,flood
27.9,216.0,24.2,-0.22,-0.24,9.89,False,LOW,flood
27.7,215.0,23.6,-0.2,0.09,10.0,False,LOW,flood
27.3,223.0,24.4,-0.01,-0.29,9.73,False,LOW,flood
27.2,224.0,24.3,-0.31,-0.14,9.87,False,LOW,flood
27.5,220.0,24.0,0.03,-0.07,9.71,False,LOW,flood
27.6,217.0,24.1,0.37,0.07,9.85,False,LOW,flood
27.4,233.0,24.1,0.03,0.09,9.61,False,LOW,flood
27.1,236.0,24.6,0.09,-0.14,9.76,False,LOW,flood
26.9,235.0,24.4,0.03,-0.07,9.81,False,LOW,flood
27.1,233.0,25.0,0.45,-0.07,9.75,False,MEDIUM,flood
27.1,235.0,25.3,0.13,-0.03,9.69,False,MEDIUM,flood
27.1,232.0,25.3,-0.02,0.15,9.3,False,MEDIUM,flood
26.8,246.0,24.9,0.05,0.35,9.53,False,LOW,flood
26.8,246.0,25.7,-0.04,-0.14,9.93,False,MEDIUM,flood
26.7,244.0,25.3,-0.11,-0.21,9.87,False,MEDIUM,flood
26.6,245.0,25.4,-0.17,0.06,9.97,False,MEDIUM,flood
27.2,244.0,24.1,-0.18,-0.24,10.02,False,LOW,flood
27.5,247.0,24.6,-0.09,0.5,9.9,False,LOW,flood
27.8,249.0,25.1,-0.28,0.16,9.48,False,MEDIUM,flood
27.7,244.0,26.0,0.08,0.22,9.58,False,MEDIUM,flood
27.7,245.0,26.0,0.16,0.24,10.03,False,MEDIUM,flood
27.6,246.0,25.6,0.21,-0.4,9.61,False,MEDIUM,flood
27.7,242.0,25.6,-0.2,-0.35,9.88,False,MEDIUM,flood
28.0,232.0,25.3,0.2,-0.31,9.79,False,MEDIUM,flood
28.3,233.0,26.9,-0.06,0.1,9.86,False,MEDIUM,flood
28.6,226.0,26.6,-0.03,-0.2,9.82,False,MEDIUM,flood
28.6,227.0,25.5,0.19,0.05,9.82,False,MEDIUM,flood
28.8,228.0,25.8,-0.08,-0.12,9.89,False,MEDIUM,flood
29.2,229.0,25.9,0.19,0.2,9.54,False,MEDIUM,flood
28.9,228.0,25.9,-0.15,-0.16,9.99,False,MEDIUM,flood
29.3,222.0,27.0,0.15,-0.1,9.74,False,MEDIUM,flood
29.1,221.0,27.2,0.02,0.08,9.71,False,MEDIUM,flood
29.4,214.0,26.8,-0.09,0.02,9.89,False,MEDIUM,flood
29.0,208.0,27.1,-0.23,0.15,9.57,False,MEDIUM,flood
29.6,203.0,26.0,0.4,0.5,9.89,False,MEDIUM,flood
30.3,205.0,26.8,0.16,-0.15,9.87,False,MEDIUM,flood
29.9,207.0,26.6,0.12,0.14,9.62,False,MEDIUM,flood
29.8,210.0,26.5,-0.14,-0.13,9.87,False,MEDIUM,flood
30.1,205.0,27.4,0.05,-0.05,9.97,False,MEDIUM,flood
29.9,199.0,25.9,0.33,0.03,9.86,False,MEDIUM,flood
29.8,198.0,27.5,-0.42,-0.04,9.53,False,MEDIUM,flood
29.0,201.0,27.2,0.08,-0.28,9.6,False,MEDIUM,flood
29.0,206.0,26.4,-0.16,0.01,9.53,False,MEDIUM,flood
29.0,210.0,28.6,0.46,0.11,10.22,False,MEDIUM,flood
28.8,213.0,27.7,-0.25,-0.2,9.58,False,MEDIUM,flood
29.0,228.0,27.6,-0.17,0.14,9.94,False,MEDIUM,flood
28.8,228.0,27.4,-0.22,-0.41,9.86,False,MEDIUM,flood
28.3,236.0,28.7,-0.15,0.18,9.73,False,MEDIUM,flood
28.3,237.0,28.5,0.23,0.04,9.9,False,MEDIUM,flood
28.4,243.0,28.4,-0.13,0.01,9.47,False,MEDIUM,flood
28.9,251.0,27.6,0.03,0.1,9.78,False,MEDIUM,flood
28.5,244.0,27.6,0.11,0.01,9.64,False,MEDIUM,flood
28.0,241.0,28.1,-0.19,-0.45,9.77,False,MEDIUM,flood
28.2,237.0,29.1,0.33,-0.39,9.66,False,MEDIUM,flood
28.1,239.0,27.9,-0.13,-0.01,10.05,False,MEDIUM,flood
28.6,238.0,28.1,-0.09,-0.02,9.68,False,MEDIUM,flood
28.5,235.0,28.1,0.12,-0.09,9.54,False,MEDIUM,flood
28.0,241.0,28.0,-0.04,-0.32,9.38,False,MEDIUM,flood
28.1,241.0,29.0,-0.32,-0.06,9.42,False,MEDIUM,flood
27.7,238.0,28.9,0.08,-0.32,9.91,False,MEDIUM,flood
27.4,246.0,29.7,0.27,0.04,9.84,False,MEDIUM,flood
27.3,252.0,28.8,-0.04,0.01,9.53,False,MEDIUM,flood
27.4,246.0,28.0,-0.09,-0.09,9.81,False,MEDIUM,flood
27.6,238.0,30.5,0.11,0.17,9.6,False,MEDIUM,flood
27.5,231.0,28.9,-0.23,0.11,9.86,False,MEDIUM,flood
27.8,229.0,28.6,0.27,-0.33,9.66,False,MEDIUM,flood
28.2,237.0,29.2,-0.24,-0.03,9.48,False,MEDIUM,flood
28.3,231.0,29.2,0.27,-0.2,9.9,False,MEDIUM,flood
28.4,228.0,29.2,-0.49,-0.06,9.47,False,MEDIUM,flood
28.8,220.0,29.7,0.25,0.24,9.51,False,MEDIUM,flood
28.7,214.0,30.0,-0.12,0.14,9.69,False,MEDIUM,flood
28.5,222.0,29.6,0.15,0.02,9.85,False,MEDIUM,flood
28.8,218.0,29.9,0.04,0.01,9.46,False,MEDIUM,flood
28.9,208.0,29.2,-0.3,-0.03,9.97,False,MEDIUM,flood
28.7,219.0,29.6,0.35,0.01,9.78,False,MEDIUM,flood
29.1,226.0,29.3,0.22,0.25,9.48,False,MEDIUM,flood
29.1,233.0,29.8,-0.45,0.47,9.97,False,MEDIUM,flood
29.2,227.0,30.6,-0.27,0.3,9.8,False,MEDIUM,flood
29.4,229.0,30.3,-0.08,0.12,9.73,False,MEDIUM,flood
29.8,225.0,30.6,-0.02,-0.25,9.68,False,MEDIUM,flood
29.8,222.0,30.5,0.21,0.04,9.98,False,MEDIUM,flood
29.6,225.0,30.1,0.14,-0.2,9.85,False,MEDIUM,flood
29.8,226.0,30.2,-0.37,-0.09,10.07,False,MEDIUM,flood
29.7,226.0,30.6,0.09,-0.13,9.76,False,MEDIUM,flood
29.7,233.0,30.8,-0.46,0.16,9.96,False,MEDIUM,flood
29.7,235.0,30.6,0.02,-0.09,10.3,False,MEDIUM,flood
29.8,235.0,30.6,-0.03,0.23,9.76,False,MEDIUM,flood
29.6,241.0,30.3,-0.05,-0.22,9.93,False,MEDIUM,flood
30.5,245.0,30.8,-0.12,0.21,9.79,False,MEDIUM,flood
30.4,249.0,31.1,0.11,0.13,9.93,False,MEDIUM,flood
30.3,249.0,32.0,0.03,-0.37,9.76,False,MEDIUM,flood
29.6,252.0,31.5,0.18,0.23,9.9,False,MEDIUM,flood
29.9,253.0,31.5,-0.06,-0.05,9.42,False,MEDIUM,flood
30.1,261.0,30.9,0.25,-0.05,9.41,False,MEDIUM,flood
29.7,266.0,31.7,0.02,-0.04,9.91,False,MEDIUM,flood
29.6,267.0,32.1,-0.1,0.32,9.93,False,MEDIUM,flood
29.3,265.0,32.2,0.03,0.16,9.6,False,MEDIUM,flood
29.6,262.0,31.7,0.0,-0.25,10.11,False,MEDIUM,flood
29.5,269.0,31.7,-0.37,-0.0,9.67,False,MEDIUM,flood
29.5,269.0,31.8,-0.09,-0.12,9.8,False,MEDIUM,flood
30.0,267.0,32.3,-0.12,-0.07,9.66,False,MEDIUM,flood
30.4,261.0,30.7,0.06,0.21,9.69,False,MEDIUM,flood
30.3,254.0,32.3,-0.12,-0.17,10.08,False,MEDIUM,flood
30.8,251.0,32.7,0.15,0.0,9.84,False,MEDIUM,flood
30.5,250.0,32.4,-0.09,0.09,9.7,False,MEDIUM,flood
30.3,250.0,32.3,-0.01,-0.19,9.56,False,MEDIUM,flood
30.5,245.0,32.0,0.07,0.07,9.59,False,MEDIUM,flood
30.6,245.0,31.7,0.28,-0.19,9.73,False,MEDIUM,flood
30.6,245.0,32.4,0.27,0.07,9.93,False,MEDIUM,flood
30.6,241.0,33.2,-0.06,0.25,9.66,False,MEDIUM,flood
30.1,242.0,33.1,-0.04,-0.21,9.79,False,MEDIUM,flood
29.9,232.0,32.5,0.3,0.31,9.83,False,MEDIUM,flood
29.5,232.0,32.5,0.18,-0.09,9.79,False,MEDIUM,flood
29.5,233.0,32.4,-0.11,-0.26,9.64,False,MEDIUM,flood
29.2,232.0,32.8,-0.1,-0.2,9.62,False,MEDIUM,flood
29.4,226.0,33.8,-0.07,-0.02,10.19,False,MEDIUM,flood
29.3,235.0,33.2,-0.01,-0.28,9.72,False,MEDIUM,flood
29.0,236.0,33.4,0.04,0.01,9.49,False,MEDIUM,flood
28.8,229.0,32.9,0.08,-0.09,9.73,False,MEDIUM,flood
29.0,231.0,33.3,-0.1,0.03,9.79,False,MEDIUM,flood
29.4,234.0,34.0,0.03,0.02,9.67,False,MEDIUM,flood
30.0,235.0,33.9,0.02,0.04,10.3,False,MEDIUM,flood
29.8,240.0,34.2,0.0,0.13,10.11,False,MEDIUM,flood
29.7,246.0,33.2,0.01,-0.29,9.74,False,MEDIUM,flood
29.5,244.0,33.5,0.35,0.27,9.97,False,MEDIUM,flood
29.5,247.0,34.0,0.06,-0.13,9.49,False,MEDIUM,flood
29.3,240.0,34.9,-0.2,0.14,10.13,False,MEDIUM,flood
29.2,242.0,34.1,0.13,0.09,10.01,False,MEDIUM,flood
29.2,243.0,33.9,0.04,0.23,9.82,False,MEDIUM,flood
29.1,235.0,35.1,-0.11,0.04,10.05,False,MEDIUM,flood
28.9,231.0,34.4,0.09,0.27,9.47,False,MEDIUM,flood
29.1,234.0,33.6,0.24,0.32,10.13,False,MEDIUM,flood
28.8,228.0,34.7,-0.0,0.5,9.98,False,MEDIUM,flood
29.0,232.0,34.1,-0.24,-0.39,9.62,False,MEDIUM,flood
29.0,234.0,35.3,0.04,-0.1,9.91,False,MEDIUM,flood
28.9,226.0,35.8,0.13,-0.07,9.85,False,MEDIUM,flood
28.5,231.0,34.9,-0.09,-0.27,9.76,False,MEDIUM,flood
28.1,234.0,35.0,0.11,0.19,9.92,False,MEDIUM,flood
27.8,232.0,34.8,0.01,0.03,9.8,False,MEDIUM,flood
28.0,226.0,33.8,0.13,-0.11,9.65,False,MEDIUM,flood
28.0,225.0,35.1,0.07,-0.07,10.06,False,MEDIUM,flood
28.2,216.0,35.6,0.17,-0.09,9.36,False,MEDIUM,flood
28.2,218.0,34.8,0.12,-0.21,9.54,False,MEDIUM,flood
28.1,213.0,35.1,0.14,-0.2,9.51,False,MEDIUM,flood
28.0,215.0,35.1,0.28,0.25,9.96,False,MEDIUM,flood
28.2,211.0,35.8,0.09,0.21,9.95,False,MEDIUM,flood
27.8,202.0,35.1,0.16,0.08,9.96,False,MEDIUM,flood
28.1,205.0,35.4,0.02,-0.07,9.42,False,MEDIUM,flood
28.0,208.0,35.7,-0.02,0.27,9.57,False,MEDIUM,flood
27.7,214.0,36.3,-0.11,-0.19,9.53,False,MEDIUM,flood
27.8,208.0,35.5,-0.21,-0.02,10.01,False,MEDIUM,flood
27.8,205.0,36.0,-0.14,-0.06,10.3,False,MEDIUM,flood
27.2,203.0,35.9,-0.35,0.27,9.67,False,MEDIUM,flood
26.9,209.0,36.2,-0.04,-0.14,9.78,False,MEDIUM,flood
26.9,216.0,36.8,0.1,0.04,9.77,False,MEDIUM,flood
26.8,219.0,37.0,-0.06,0.18,10.2,False,MEDIUM,flood
26.8,217.0,36.7,0.06,0.22,9.85,False,MEDIUM,flood
26.8,217.0,36.2,-0.14,0.18,10.09,False,MEDIUM,flood
26.5,206.0,35.9,-0.16,-0.27,9.84,False,MEDIUM,flood
26.5,210.0,36.7,-0.05,0.14,10.13,False,MEDIUM,flood
26.6,204.0,36.9,0.16,0.15,9.86,False,MEDIUM,flood
26.8,214.0,37.3,-0.35,-0.03,9.53,False,MEDIUM,flood
26.7,210.0,36.6,-0.09,-0.12,9.65,False,MEDIUM,flood
27.0,212.0,37.1,0.18,-0.27,9.72,False,MEDIUM,flood
27.2,206.0,36.9,-0.16,0.05,9.55,False,MEDIUM,flood
27.2,216.0,37.1,-0.04,0.03,9.91,False,MEDIUM,flood
27.0,215.0,37.3,0.11,0.12,9.63,False,MEDIUM,flood
27.2,207.0,37.4,0.12,-0.03,9.71,False,MEDIUM,flood
26.7,206.0,37.7,0.04,0.37,9.55,False,MEDIUM,flood
26.6,206.0,37.6,0.48,-0.33,9.7,False,MEDIUM,flood
26.6,204.0,35.9,-0.08,-0.19,9.5,False,MEDIUM,flood
26.5,207.0,36.7,0.02,-0.24,9.63,False,MEDIUM,flood
27.0,204.0,37.7,0.13,-0.27,9.63,False,MEDIUM,flood
26.6,207.0,37.7,0.11,-0.1,9.81,False,MEDIUM,flood
26.2,211.0,37.7,-0.06,-0.01,9.93,False,MEDIUM,flood
26.5,210.0,38.1,-0.17,-0.02,10.22,False,MEDIUM,flood
26.5,205.0,38.7,-0.03,-0.25,9.67,False,MEDIUM,flood
26.3,200.0,38.1,0.05,-0.09,9.98,False,MEDIUM,flood
26.7,204.0,37.9,-0.02,0.04,10.15,False,MEDIUM,flood
26.7,195.0,38.9,0.18,0.2,9.62,False,MEDIUM,flood
27.3,197.0,37.9,0.23,0.03,10.09,False,MEDIUM,flood
27.2,202.0,38.7,-0.12,0.09,9.99,False,MEDIUM,flood
27.6,204.0,37.6,-0.32,0.02,9.69,False,MEDIUM,flood
27.3,204.0,39.7,-0.35,-0.06,9.4,False,MEDIUM,flood
27.4,204.0,39.2,-0.19,-0.27,9.81,False,MEDIUM,flood
27.5,211.0,40.0,0.3,0.12,10.05,False,MEDIUM,flood
27.4,209.0,39.5,-0.12,-0.01,9.89,False,MEDIUM,flood
28.1,213.0,39.1,-0.44,-0.29,9.83,False,MEDIUM,flood
28.5,212.0,38.8,0.22,-0.04,9.7,False,MEDIUM,flood
28.7,220.0,39.1,-0.11,-0.29,9.88,False,MEDIUM,flood
28.4,222.0,39.4,0.12,-0.16,9.32,False,MEDIUM,flood
28.3,225.0,39.5,-0.02,0.04,9.98,False,MEDIUM,flood
28.6,228.0,38.3,-0.15,0.24,9.46,False,MEDIUM,flood
28.8,225.0,39.0,0.18,0.31,9.85,False,MEDIUM,flood
28.5,232.0,38.6,0.11,0.05,9.74,False,MEDIUM,flood
28.7,225.0,39.4,-0.26,-0.15,9.45,False,MEDIUM,flood
28.6,218.0,40.2,-0.04,0.01,9.45,False,MEDIUM,flood
28.1,225.0,39.8,-0.09,-0.09,9.98,False,MEDIUM,flood
27.9,219.0,40.6,0.02,-0.08,9.38,False,MEDIUM,flood
28.2,221.0,39.9,-0.26,-0.15,9.3,False,MEDIUM,flood
28.5,221.0,39.8,-0.15,0.33,9.65,False,MEDIUM,flood
28.3,229.0,40.8,0.31,-0.11,9.78,False,MEDIUM,flood
27.9,228.0,39.2,0.05,-0.09,9.93,False,MEDIUM,flood
27.5,238.0,40.4,0.06,0.02,9.83,False,MEDIUM,flood
27.3,245.0,40.6,-0.17,0.17,9.94,False,MEDIUM,flood
27.0,249.0,39.8,0.28,-0.38,9.89,False,MEDIUM,flood
27.1,247.0,40.2,0.27,-0.38,9.87,False,MEDIUM,flood
27.1,247.0,39.3,-0.23,-0.21,10.18,False,MEDIUM,flood
27.2,251.0,41.1,-0.07,-0.1,9.63,False,MEDIUM,flood
28.2,244.0,39.5,0.06,0.21,9.4,False,MEDIUM,flood
27.7,241.0,40.5,0.13,-0.03,9.88,False,MEDIUM,flood
27.6,245.0,39.9,0.01,0.04,9.9,False,MEDIUM,flood
27.5,252.0,41.2,0.14,-0.28,9.73,False,MEDIUM,flood
27.4,251.0,40.8,0.2,0.26,9.45,False,MEDIUM,flood
27.4,256.0,41.2,0.08,-0.25,9.61,False,MEDIUM,flood
27.8,258.0,41.1,-0.24,-0.02,9.5,False,MEDIUM,flood
27.2,259.0,41.1,0.19,-0.16,9.62,False,MEDIUM,flood
27.1,267.0,41.2,0.2,-0.11,9.92,False,MEDIUM,flood
26.5,276.0,41.0,0.06,0.02,9.39,False,MEDIUM,flood
26.8,274.0,41.2,0.15,0.08,9.54,False,MEDIUM,flood
26.6,272.0,40.7,-0.13,-0.14,9.89,False,MEDIUM,flood
26.5,278.0,42.0,0.47,0.1,9.36,False,MEDIUM,flood
26.3,279.0,41.8,0.03,0.25,10.09,False,MEDIUM,flood
26.1,281.0,41.7,-0.18,-0.07,10.13,False,MEDIUM,flood
26.3,279.0,41.7,0.05,0.22,9.84,False,MEDIUM,flood
25.9,285.0,42.1,-0.07,0.5,9.68,False,MEDIUM,flood
25.6,282.0,42.3,-0.1,-0.07,10.04,False,MEDIUM,flood
26.2,278.0,42.2,-0.13,0.09,9.84,False,MEDIUM,flood
26.5,270.0,41.6,0.08,-0.35,9.83,False,MEDIUM,flood
26.1,268.0,41.7,0.08,-0.19,9.74,False,MEDIUM,flood
26.2,266.0,42.6,0.34,0.05,9.94,False,MEDIUM,flood
26.2,276.0,43.1,0.12,-0.21,10.15,False,MEDIUM,flood
26.3,277.0,42.7,0.16,-0.24,9.83,False,MEDIUM,flood
26.2,277.0,43.3,-0.29,-0.22,9.63,False,MEDIUM,flood
26.4,279.0,42.5,0.08,-0.1,9.83,False,MEDIUM,flood
26.6,279.0,42.4,-0.0,-0.35,9.58,False,MEDIUM,flood
26.5,277.0,43.5,0.06,-0.16,10.03,False,MEDIUM,flood
26.6,273.0,42.7,-0.03,0.31,9.82,False,MEDIUM,flood
26.4,276.0,42.9,-0.05,0.03,9.98,False,MEDIUM,flood
26.5,270.0,42.4,0.19,-0.09,9.47,False,MEDIUM,flood
26.8,265.0,42.6,0.43,0.12,9.54,False,MEDIUM,flood
26.6,261.0,42.9,0.39,0.28,9.53,False,MEDIUM,flood
26.5,267.0,43.3,0.31,-0.29,10.2,False,MEDIUM,flood
26.3,270.0,43.2,0.3,-0.03,9.76,False,MEDIUM,flood
26.6,275.0,42.9,0.1,-0.16,10.1,False,MEDIUM,flood
26.1,273.0,43.4,0.32,0.01,9.3,False,MEDIUM,flood
25.9,273.0,43.6,0.16,0.05,9.86,False,MEDIUM,flood
25.5,280.0,43.8,-0.26,0.19,9.72,False,MEDIUM,flood
25.6,293.0,44.1,-0.07,0.46,9.85,False,MEDIUM,flood
25.2,300.0,44.0,0.02,-0.09,9.82,False,MEDIUM,flood
25.2,297.0,44.0,-0.29,0.06,9.38,False,MEDIUM,flood
24.9,297.0,44.1,0.11,-0.01,9.8,False,MEDIUM,flood
24.8,297.0,44.3,-0.3,-0.04,10.13,False,MEDIUM,flood
24.8,303.0,44.9,0.34,0.24,10.0,False,MEDIUM,flood
24.3,304.0,44.5,0.05,0.09,9.91,False,MEDIUM,flood
24.0,304.0,44.4,0.15,-0.16,9.76,False,MEDIUM,flood
24.3,306.0,43.7,-0.12,0.23,9.81,False,MEDIUM,flood
24.4,298.0,45.0,0.37,0.44,9.83,False,MEDIUM,flood
24.6,307.0,44.7,-0.14,0.08,9.93,False,MEDIUM,flood
24.6,307.0,44.5,0.08,0.23,9.74,False,MEDIUM,flood
24.6,313.0,44.8,0.08,0.0,9.54,False,MEDIUM,flood
24.0,310.0,45.0,-0.02,-0.2,9.86,False,MEDIUM,flood
24.1,305.0,44.7,0.13,-0.0,9.74,False,MEDIUM,flood
27.3,198.0,5.3,0.1,-0.27,9.65,False,LOW,overheat
28.1,200.0,5.1,0.28,-0.49,9.42,False,LOW,overheat
28.3,203.0,5.2,-0.13,-0.29,10.0,False,LOW,overheat
29.7,200.0,5.4,0.06,0.05,9.76,False,LOW,overheat
27.7,194.0,5.6,-0.46,-0.12,9.96,False,LOW,overheat
29.4,191.0,5.8,-0.01,-0.12,9.9,False,LOW,overheat
26.7,198.0,5.9,0.08,-0.26,9.77,False,LOW,overheat
29.1,186.0,5.4,-0.01,0.34,10.01,False,LOW,overheat
29.6,193.0,5.6,-0.17,-0.19,9.3,False,LOW,overheat
28.4,194.0,5.4,-0.06,-0.16,9.96,False,LOW,overheat
27.0,195.0,5.7,-0.03,-0.06,9.62,False,LOW,overheat
28.9,190.0,5.7,0.41,-0.03,9.52,False,LOW,overheat
28.3,181.0,5.3,0.45,-0.02,10.23,False,LOW,overheat
28.0,173.0,5.2,0.48,0.44,9.65,False,LOW,overheat
26.7,179.0,5.2,-0.1,-0.2,9.61,False,LOW,overheat
27.6,175.0,5.4,-0.2,-0.25,10.1,False,LOW,overheat
29.3,182.0,5.4,0.03,0.12,10.11,False,LOW,overheat
28.8,175.0,5.5,0.01,-0.2,9.65,False,LOW,overheat
29.8,174.0,5.6,0.23,-0.2,9.63,False,LOW,overheat
26.5,171.0,5.7,-0.13,-0.08,9.34,False,LOW,overheat
32.1,167.0,5.9,0.13,-0.17,9.84,False,LOW,overheat
29.3,165.0,5.7,-0.01,-0.04,9.62,False,LOW,overheat
29.8,164.0,5.8,0.32,0.22,9.37,False,LOW,overheat
28.5,166.0,5.9,0.09,0.11,9.75,False,LOW,overheat
29.3,149.0,6.0,0.17,0.08,9.79,False,LOW,overheat
29.0,152.0,5.9,0.11,-0.25,9.55,False,LOW,overheat
30.4,155.0,5.9,-0.35,-0.32,10.02,False,LOW,overheat
29.8,158.0,5.6,0.15,-0.14,9.81,False,LOW,overheat
28.8,148.0,5.4,-0.05,0.05,9.8,False,LOW,overheat
30.1,152.0,5.3,-0.02,0.22,9.94,False,LOW,overheat
30.4,157.0,5.4,0.07,-0.07,9.76,False,LOW,overheat
28.7,158.0,5.4,-0.21,0.35,9.84,False,LOW,overheat
31.0,153.0,5.3,-0.13,0.23,9.92,False,LOW,overheat
31.2,154.0,5.6,-0.21,-0.03,9.46,False,LOW,overheat
29.4,162.0,5.6,-0.19,-0.08,9.9,False,LOW,overheat
30.8,173.0,5.8,0.2,0.33,9.57,False,LOW,overheat
29.6,179.0,5.8,0.28,-0.03,9.97,False,LOW,overheat
30.3,178.0,5.6,0.04,0.04,9.88,False,LOW,overheat
30.2,172.0,5.4,0.22,0.04,10.14,False,LOW,overheat
31.6,179.0,5.7,-0.23,-0.25,9.77,False,LOW,overheat
29.2,175.0,5.8,-0.03,-0.07,9.71,False,LOW,overheat
29.8,174.0,6.0,-0.19,-0.15,9.46,False,LOW,overheat
30.0,172.0,6.0,-0.02,-0.08,9.49,False,LOW,overheat
29.3,168.0,6.0,0.06,-0.24,9.69,False,LOW,overheat
31.2,161.0,6.0,0.2,-0.26,9.75,False,LOW,overheat
31.0,156.0,5.9,-0.06,0.05,9.66,False,LOW,overheat
30.1,157.0,5.7,0.25,0.19,9.3,False,LOW,overheat
29.0,155.0,5.6,0.05,0.05,10.3,False,LOW,overheat
30.2,153.0,5.5,-0.17,-0.12,9.95,False,LOW,overheat
31.6,158.0,5.3,0.07,0.15,9.73,False,LOW,overheat
30.8,155.0,5.4,0.11,0.09,9.84,False,LOW,overheat
31.3,151.0,5.3,0.06,0.09,10.21,False,LOW,overheat
29.8,151.0,5.6,0.5,0.0,9.88,False,LOW,overheat
32.4,154.0,5.7,-0.11,0.09,9.55,False,LOW,overheat
31.0,155.0,5.7,0.07,-0.41,9.71,False,LOW,overheat
31.8,163.0,5.8,-0.13,0.13,9.84,False,LOW,overheat
32.1,172.0,6.1,0.36,-0.09,9.85,False,LOW,overheat
30.7,172.0,6.3,-0.07,-0.17,9.88,False,LOW,overheat
29.9,166.0,6.4,0.37,0.29,9.59,False,LOW,overheat
31.3,162.0,6.4,-0.16,-0.19,9.33,False,LOW,overheat
30.7,165.0,6.6,0.04,-0.03,9.51,False,LOW,overheat
29.8,150.0,6.3,-0.12,-0.13,9.97,False,LOW,overheat
31.5,147.0,6.4,0.1,0.38,9.71,False,LOW,overheat
32.2,150.0,6.4,-0.28,-0.24,9.68,False,LOW,overheat
32.4,145.0,6.4,-0.22,0.17,9.88,False,LOW,overheat
31.9,146.0,6.7,-0.04,-0.07,9.76,False,LOW,overheat
33.0,152.0,6.7,0.15,-0.36,9.75,False,LOW,overheat
31.6,148.0,6.7,0.24,0.16,9.91,False,LOW,overheat
30.2,152.0,6.4,-0.24,0.06,10.01,False,LOW,overheat
32.0,156.0,6.7,-0.04,-0.01,10.05,False,LOW,overheat
32.7,155.0,6.8,-0.07,0.26,9.42,False,LOW,overheat
33.6,152.0,6.8,0.14,0.16,9.92,False,LOW,overheat
32.3,149.0,6.9,-0.07,0.26,9.91,False,LOW,overheat
31.6,152.0,7.0,0.01,0.05,9.95,False,LOW,overheat
30.9,157.0,7.2,-0.02,-0.18,9.74,False,LOW,overheat
32.8,149.0,7.3,0.34,0.06,10.3,False,LOW,overheat
33.5,145.0,7.2,0.11,0.19,9.93,False,LOW,overheat
33.6,141.0,7.5,0.23,0.17,9.65,False,LOW,overheat
31.1,139.0,7.6,0.34,-0.14,9.78,False,LOW,overheat
35.1,141.0,7.4,-0.1,0.0,9.67,False,LOW,overheat
32.6,134.0,7.6,0.04,-0.09,9.63,False,LOW,overheat
34.0,134.0,7.5,0.07,0.0,9.73,False,LOW,overheat
30.7,134.0,7.5,0.16,0.19,9.7,False,LOW,overheat
31.0,123.0,7.7,0.11,-0.07,10.02,False,LOW,overheat
32.1,131.0,7.2,0.04,0.33,9.69,False,LOW,overheat
33.6,132.0,7.1,0.17,0.02,9.86,False,LOW,overheat
33.0,130.0,7.2,0.24,0.09,9.63,False,LOW,overheat
32.0,139.0,6.7,-0.21,-0.17,10.07,False,LOW,overheat
32.3,135.0,6.6,0.1,0.28,9.82,False,LOW,overheat
32.8,138.0,6.7,0.07,-0.08,9.79,False,LOW,overheat
33.4,140.0,6.7,-0.02,0.22,9.57,False,LOW,overheat
34.7,134.0,7.0,0.09,0.0,9.86,False,LOW,overheat
33.4,137.0,7.1,-0.31,-0.27,9.96,False,LOW,overheat
32.7,137.0,7.0,0.24,-0.07,9.83,False,LOW,overheat
33.1,134.0,6.9,-0.11,-0.14,9.93,False,LOW,overheat
33.1,130.0,7.1,-0.02,-0.16,9.8,False,LOW,overheat
32.7,125.0,7.2,0.18,0.05,9.79,False,LOW,overheat
34.7,114.0,7.3,-0.24,-0.1,9.93,False,LOW,overheat
33.0,123.0,7.6,0.02,-0.04,9.47,False,LOW,overheat
34.0,125.0,7.4,-0.16,0.02,9.74,False,LOW,overheat
32.9,134.0,7.8,0.3,-0.16,9.79,False,LOW,overheat
34.4,133.0,7.6,0.19,-0.11,10.03,False,LOW,overheat
32.3,134.0,7.6,0.11,0.33,10.1,False,LOW,overheat
33.1,131.0,7.8,0.05,-0.02,9.99,False,LOW,overheat
34.5,127.0,7.9,0.12,-0.26,9.55,False,LOW,overheat
36.2,128.0,8.0,-0.18,-0.09,10.1,False,LOW,overheat
34.1,125.0,8.3,-0.12,0.24,9.75,False,LOW,overheat
32.4,120.0,8.6,-0.35,0.22,9.55,False,LOW,overheat
33.2,117.0,8.6,0.29,0.01,9.84,False,LOW,overheat
34.1,120.0,8.6,-0.39,-0.26,9.64,False,LOW,overheat
32.7,122.0,8.7,0.15,0.08,9.91,False,LOW,overheat
34.5,122.0,8.5,-0.14,0.03,9.71,False,LOW,overheat
33.8,126.0,8.6,0.08,-0.06,9.72,False,LOW,overheat
35.9,122.0,8.6,-0.34,-0.13,10.29,False,LOW,overheat
33.6,119.0,8.5,-0.32,0.14,9.72,False,LOW,overheat
32.7,125.0,8.1,-0.25,-0.09,9.76,False,LOW,overheat
34.2,117.0,8.4,0.11,0.0,9.92,False,LOW,overheat
33.3,130.0,8.5,0.05,0.2,10.04,False,LOW,overheat
35.6,135.0,8.5,-0.23,-0.3,9.74,False,LOW,overheat
35.1,138.0,8.7,-0.01,0.1,9.5,False,LOW,overheat
34.9,140.0,8.6,-0.18,-0.4,9.8,False,LOW,overheat
34.3,143.0,8.7,-0.08,0.28,9.92,False,LOW,overheat
35.2,145.0,8.6,-0.07,-0.34,9.56,False,LOW,overheat
33.3,148.0,9.1,-0.41,0.04,9.95,False,LOW,overheat
34.5,142.0,8.9,-0.25,-0.11,9.83,False,LOW,overheat
33.9,140.0,8.8,0.11,-0.09,9.91,False,LOW,overheat
35.3,146.0,9.1,0.03,-0.12,9.67,False,LOW,overheat
35.0,145.0,9.0,0.16,-0.04,9.76,False,LOW,overheat
35.2,147.0,8.8,0.14,-0.1,9.9,False,LOW,overheat
35.5,146.0,8.7,0.13,0.29,9.84,False,LOW,overheat
36.8,138.0,8.8,0.35,-0.22,10.11,False,LOW,overheat
35.3,141.0,8.9,0.39,0.48,9.9,False,LOW,overheat
34.9,139.0,8.8,0.16,-0.41,9.77,False,LOW,overheat
34.7,143.0,8.6,0.15,0.03,9.82,False,LOW,overheat
35.7,148.0,8.7,0.06,-0.17,9.75,False,LOW,overheat
32.7,142.0,9.0,0.42,0.08,9.62,False,LOW,overheat
33.9,138.0,9.1,-0.08,-0.2,9.88,False,LOW,overheat
35.4,134.0,8.9,0.31,0.16,9.63,False,LOW,overheat
35.2,138.0,9.1,0.02,-0.49,9.6,False,LOW,overheat
36.9,144.0,9.2,0.06,-0.23,9.74,False,LOW,overheat
35.9,145.0,8.8,-0.02,-0.02,10.0,False,LOW,overheat
36.7,141.0,8.8,0.22,-0.27,9.73,False,LOW,overheat
36.8,144.0,9.0,-0.14,-0.07,9.86,False,LOW,overheat
38.3,149.0,8.9,0.26,0.05,10.02,False,LOW,overheat
35.6,147.0,9.0,0.14,0.22,9.75,False,LOW,overheat
35.8,151.0,8.8,0.07,0.25,9.36,False,LOW,overheat
35.4,153.0,8.8,-0.13,-0.22,9.8,False,LOW,overheat
35.9,161.0,8.8,-0.03,0.16,10.06,False,LOW,overheat
35.6,168.0,8.7,-0.35,0.12,9.64,False,LOW,overheat
37.4,162.0,8.7,0.06,0.07,10.19,False,LOW,overheat
36.8,163.0,8.5,0.1,0.02,10.05,False,LOW,overheat
35.9,160.0,8.6,0.18,0.36,9.78,False,LOW,overheat
35.7,175.0,8.1,0.07,0.14,9.77,False,LOW,overheat
36.1,181.0,8.4,-0.26,0.26,9.71,False,LOW,overheat
38.1,192.0,8.5,0.22,0.01,9.83,False,LOW,overheat
35.2,189.0,8.4,0.18,0.17,9.59,False,LOW,overheat
37.4,188.0,8.3,-0.01,-0.25,9.98,False,LOW,overheat
36.3,182.0,8.1,0.1,0.02,9.76,False,LOW,overheat
36.4,187.0,8.2,0.32,-0.02,9.46,False,LOW,overheat
36.4,189.0,8.2,0.1,0.29,9.63,False,LOW,overheat
38.1,199.0,8.2,-0.06,-0.33,9.65,False,LOW,overheat
36.3,204.0,8.0,-0.26,-0.16,9.71,False,LOW,overheat
37.5,203.0,7.9,-0.23,-0.11,10.02,False,LOW,overheat
37.0,208.0,7.8,-0.21,0.07,9.73,False,LOW,overheat
37.2,210.0,7.7,0.07,-0.23,9.79,False,LOW,overheat
37.2,217.0,7.6,-0.22,-0.19,10.2,False,LOW,overheat
37.2,214.0,7.4,0.16,0.12,9.78,False,LOW,overheat
37.5,206.0,7.2,0.08,0.0,9.95,False,LOW,overheat
36.3,201.0,7.1,0.01,0.01,9.67,False,LOW,overheat
36.8,206.0,7.3,0.34,0.04,9.54,False,LOW,overheat
36.3,211.0,7.2,-0.0,-0.23,9.59,False,LOW,overheat
36.4,221.0,7.1,-0.02,0.11,9.82,False,LOW,overheat
37.1,220.0,7.0,0.32,-0.08,9.77,False,LOW,overheat
34.8,215.0,6.8,0.08,0.27,10.01,False,LOW,overheat
37.6,217.0,7.0,-0.14,-0.13,9.83,False,LOW,overheat
37.8,219.0,7.1,-0.12,0.16,9.89,False,LOW,overheat
38.3,212.0,6.8,0.01,0.13,9.95,False,LOW,overheat
39.4,214.0,6.8,-0.02,-0.27,9.96,False,LOW,overheat
37.8,219.0,6.3,0.2,0.19,9.81,False,LOW,overheat
37.5,214.0,6.5,0.1,0.45,9.51,False,LOW,overheat
37.1,213.0,6.4,-0.42,-0.14,10.06,False,LOW,overheat
37.6,210.0,6.4,-0.16,-0.34,10.01,False,LOW,overheat
39.6,212.0,6.6,0.08,0.25,9.5,False,LOW,overheat
38.1,201.0,6.7,-0.16,-0.1,9.32,False,LOW,overheat
38.1,198.0,6.6,0.05,0.2,9.69,False,LOW,overheat
37.8,199.0,6.8,-0.16,-0.02,9.84,False,LOW,overheat
37.2,211.0,6.8,-0.37,0.16,9.86,False,LOW,overheat
39.3,208.0,6.9,0.0,-0.36,9.92,False,LOW,overheat
37.0,210.0,6.9,-0.13,-0.15,9.83,False,LOW,overheat
38.7,214.0,7.2,0.28,0.41,10.01,False,LOW,overheat
37.5,212.0,7.2,0.12,0.02,9.82,False,LOW,overheat
38.2,216.0,7.1,0.09,0.07,9.53,False,LOW,overheat
38.2,204.0,7.0,0.23,-0.32,9.69,False,LOW,overheat
37.1,198.0,7.1,-0.04,0.11,9.89,False,LOW,overheat
38.6,198.0,7.0,-0.26,0.33,9.66,False,LOW,overheat
37.8,200.0,7.2,-0.22,-0.22,9.53,False,LOW,overheat
39.3,189.0,7.3,-0.02,0.09,9.65,False,LOW,overheat
39.2,194.0,7.2,0.04,0.32,9.81,False,LOW,overheat
38.9,181.0,7.0,-0.09,-0.5,10.3,False,LOW,overheat
37.6,177.0,6.8,-0.02,-0.11,9.93,False,LOW,overheat
40.0,173.0,6.8,-0.04,0.22,9.88,False,LOW,overheat
39.6,167.0,6.8,0.15,-0.33,9.66,False,LOW,overheat
39.1,166.0,6.9,-0.05,0.27,9.59,False,LOW,overheat
39.7,163.0,7.3,-0.15,0.38,9.8,False,LOW,overheat
39.0,158.0,7.3,-0.19,0.12,9.67,False,LOW,overheat
39.1,160.0,7.1,0.15,-0.29,9.63,False,LOW,overheat
39.8,152.0,7.2,0.12,0.2,9.89,False,LOW,overheat
38.9,150.0,7.3,0.21,-0.29,9.54,False,LOW,overheat
37.4,153.0,7.5,-0.22,0.14,9.64,False,LOW,overheat
39.0,149.0,7.8,0.1,0.27,9.86,False,LOW,overheat
38.2,143.0,8.0,0.42,0.29,10.2,False,LOW,overheat
40.1,145.0,7.6,-0.13,0.06,9.85,False,LOW,overheat
39.1,149.0,7.7,-0.3,-0.26,9.9,False,LOW,overheat
39.8,146.0,7.3,0.24,-0.16,9.88,False,LOW,overheat
40.6,153.0,7.3,0.29,-0.33,9.82,False,LOW,overheat
40.6,164.0,7.4,-0.01,0.4,9.69,False,LOW,overheat
40.0,168.0,7.5,0.35,-0.05,9.73,False,LOW,overheat
39.8,166.0,7.7,0.02,0.25,9.65,False,LOW,overheat
40.3,167.0,7.9,0.22,-0.14,10.04,False,LOW,overheat
40.7,172.0,8.1,-0.29,0.15,9.61,False,LOW,overheat
39.4,169.0,7.9,0.02,0.12,10.12,False,LOW,overheat
38.7,167.0,8.2,-0.24,0.01,9.61,False,LOW,overheat
39.7,170.0,8.1,-0.04,-0.16,9.75,False,LOW,overheat
41.3,160.0,8.0,-0.14,-0.25,9.71,False,LOW,overheat
41.2,165.0,7.8,0.13,-0.34,9.8,False,LOW,overheat
39.7,159.0,7.7,-0.08,-0.01,9.46,False,LOW,overheat
40.7,163.0,7.6,-0.13,0.27,9.73,False,LOW,overheat
38.5,162.0,7.3,-0.21,-0.01,9.68,False,LOW,overheat
39.7,174.0,7.5,-0.15,0.36,9.77,False,LOW,overheat
39.2,173.0,7.3,0.21,0.22,9.82,False,LOW,overheat
40.7,173.0,7.4,0.09,0.41,9.93,False,LOW,overheat
39.9,174.0,7.5,0.18,-0.19,10.0,False,LOW,overheat
41.7,181.0,7.2,-0.09,0.05,9.53,False,LOW,overheat
40.3,175.0,7.1,-0.12,-0.04,9.7,False,LOW,overheat
40.8,175.0,7.2,0.02,0.01,9.79,False,LOW,overheat
40.4,175.0,7.3,-0.15,0.02,10.0,False,LOW,overheat
40.9,173.0,7.4,0.02,0.14,9.67,False,LOW,overheat
42.0,170.0,7.1,0.39,0.01,9.3,False,LOW,overheat
40.5,167.0,6.8,0.21,0.28,9.51,False,LOW,overheat
40.4,165.0,6.6,-0.06,0.09,10.01,False,LOW,overheat
41.6,170.0,6.9,0.12,-0.33,9.62,False,LOW,overheat
43.0,164.0,6.6,-0.02,0.14,9.65,False,LOW,overheat
42.0,158.0,6.8,-0.06,0.26,9.77,False,LOW,overheat
41.0,170.0,6.5,0.09,-0.11,9.93,False,LOW,overheat
41.0,170.0,6.3,0.02,-0.12,9.87,False,LOW,overheat
41.8,173.0,6.4,-0.09,0.06,9.85,False,LOW,overheat
42.7,172.0,6.0,-0.11,-0.13,9.95,False,LOW,overheat
41.1,173.0,6.1,0.14,0.07,9.74,False,LOW,overheat
41.7,174.0,6.2,-0.07,-0.31,9.8,False,LOW,overheat
40.0,168.0,6.0,-0.09,0.2,9.86,False,LOW,overheat
41.8,165.0,5.8,-0.08,-0.13,9.61,False,LOW,overheat
40.7,172.0,5.9,0.25,0.16,9.76,False,LOW,overheat
40.9,172.0,6.0,-0.1,0.0,9.57,False,LOW,overheat
40.7,164.0,5.9,-0.07,0.01,10.06,False,LOW,overheat
42.7,167.0,5.9,-0.0,-0.15,9.58,False,LOW,overheat
41.7,165.0,6.4,-0.11,-0.17,9.74,False,LOW,overheat
40.8,163.0,6.0,0.03,-0.23,9.61,False,LOW,overheat
42.2,165.0,6.1,-0.1,0.05,9.64,False,LOW,overheat
42.3,162.0,5.9,-0.21,0.02,9.75,False,LOW,overheat
42.3,165.0,5.9,0.03,-0.21,9.67,False,LOW,overheat
42.6,163.0,5.8,0.1,-0.06,9.71,False,LOW,overheat
42.9,157.0,5.7,0.21,0.07,9.98,False,LOW,overheat
41.7,160.0,5.9,-0.07,0.04,9.72,False,LOW,overheat
42.9,165.0,5.7,-0.08,-0.12,9.71,False,LOW,overheat
43.1,169.0,5.6,-0.02,-0.1,9.76,False,LOW,overheat
40.4,167.0,5.9,-0.15,0.01,10.05,False,LOW,overheat
40.9,165.0,5.6,-0.37,0.21,9.69,False,LOW,overheat
40.2,169.0,5.5,-0.31,-0.25,9.91,False,LOW,overheat
45.6,173.0,5.4,0.27,-0.03,9.68,False,MEDIUM,overheat
42.8,166.0,5.6,-0.28,-0.02,10.01,False,LOW,overheat
41.8,172.0,5.7,-0.1,0.17,9.65,False,LOW,overheat
41.3,176.0,6.0,0.12,0.03,9.68,False,LOW,overheat
42.4,169.0,5.4,0.04,-0.26,9.55,False,LOW,overheat
45.2,175.0,5.9,-0.12,-0.24,9.92,False,MEDIUM,overheat
44.6,175.0,5.6,0.04,-0.1,9.45,False,LOW,overheat
43.3,174.0,5.5,0.22,0.17,9.7,False,LOW,overheat
43.0,179.0,5.4,-0.35,-0.18,9.78,False,LOW,overheat
43.8,173.0,5.3,-0.16,0.11,9.81,False,LOW,overheat
44.0,176.0,5.4,0.27,-0.23,9.63,False,LOW,overheat
43.7,175.0,5.3,0.11,0.06,9.7,False,LOW,overheat
42.4,169.0,5.3,0.1,-0.37,9.94,False,LOW,overheat
43.1,162.0,5.5,-0.37,0.18,9.87,False,LOW,overheat
42.9,165.0,5.5,0.02,-0.21,10.06,False,LOW,overheat
43.9,162.0,5.6,0.27,0.13,9.76,False,LOW,overheat
41.2,163.0,6.0,0.05,-0.13,9.3,False,LOW,overheat
43.6,162.0,6.5,0.02,-0.37,10.03,False,LOW,overheat
43.2,163.0,6.8,-0.32,-0.02,10.01,False,LOW,overheat
43.1,152.0,6.6,-0.05,-0.01,10.04,False,LOW,overheat
44.3,158.0,6.6,-0.03,0.24,9.97,False,LOW,overheat
43.7,156.0,6.9,0.18,0.09,9.77,False,LOW,overheat
44.7,158.0,6.7,0.15,0.11,9.81,False,LOW,overheat
43.3,156.0,6.7,-0.42,-0.23,9.94,False,LOW,overheat
44.9,159.0,6.9,0.09,-0.28,9.65,False,LOW,overheat
44.2,153.0,6.8,0.03,0.24,9.66,False,LOW,overheat
43.3,147.0,6.6,0.18,-0.32,9.56,False,LOW,overheat
44.4,140.0,6.3,0.01,0.09,9.53,False,LOW,overheat
43.6,153.0,6.5,0.09,-0.1,9.72,False,LOW,overheat
45.8,149.0,6.6,-0.18,-0.24,9.86,False,MEDIUM,overheat
45.2,144.0,6.4,-0.37,0.2,9.68,False,MEDIUM,overheat
43.4,140.0,6.8,0.13,-0.05,9.99,False,LOW,overheat
45.1,145.0,6.7,-0.5,-0.17,10.02,False,MEDIUM,overheat
44.3,143.0,6.6,-0.04,-0.01,9.96,False,LOW,overheat
44.8,136.0,6.5,-0.39,0.05,10.11,False,LOW,overheat
45.7,135.0,6.4,0.21,-0.05,9.63,False,MEDIUM,overheat
44.8,142.0,6.4,-0.15,-0.32,9.53,False,LOW,overheat
45.3,128.0,6.2,0.17,0.07,9.58,False,MEDIUM,overheat
45.5,133.0,5.8,0.12,0.01,9.55,False,MEDIUM,overheat
43.7,135.0,5.9,0.06,-0.17,9.99,False,LOW,overheat
43.6,138.0,5.8,0.34,0.04,9.85,False,LOW,overheat
45.2,136.0,5.8,-0.38,-0.23,9.77,False,MEDIUM,overheat
43.9,128.0,5.8,0.19,0.32,10.08,False,LOW,overheat
43.6,125.0,5.5,-0.21,-0.08,9.89,False,LOW,overheat
45.1,126.0,5.6,0.5,0.04,9.55,False,MEDIUM,overheat
45.0,123.0,5.9,0.06,-0.06,9.93,False,MEDIUM,overheat
45.1,128.0,5.9,-0.24,-0.02,9.56,False,MEDIUM,overheat
44.8,127.0,5.9,0.18,0.13,9.4,False,LOW,overheat
45.6,127.0,5.9,0.0,-0.11,9.92,False,MEDIUM,overheat
46.1,124.0,5.8,0.23,-0.17,9.55,False,MEDIUM,overheat
46.4,121.0,5.8,-0.0,-0.16,9.95,False,MEDIUM,overheat
46.6,126.0,5.8,0.08,0.02,9.86,False,MEDIUM,overheat
46.3,121.0,5.7,0.41,-0.22,10.05,False,MEDIUM,overheat
45.3,127.0,5.9,0.01,-0.18,9.53,False,MEDIUM,overheat
45.1,131.0,5.9,-0.3,0.1,9.5,False,MEDIUM,overheat
45.0,131.0,5.9,0.35,0.2,9.91,False,MEDIUM,overheat
44.4,136.0,5.8,0.17,0.1,9.83,False,LOW,overheat
43.9,137.0,5.3,-0.01,0.04,9.79,False,LOW,overheat
45.9,134.0,5.4,-0.15,-0.38,9.6,False,MEDIUM,overheat
44.6,135.0,5.4,-0.08,0.18,9.7,False,LOW,overheat
45.9,131.0,5.4,0.04,0.26,10.06,False,MEDIUM,overheat
45.4,131.0,5.2,-0.07,-0.06,10.11,False,MEDIUM,overheat
46.3,126.0,5.1,-0.23,0.07,9.78,False,MEDIUM,overheat
45.3,128.0,5.2,0.03,-0.08,9.67,False,MEDIUM,overheat
47.1,125.0,5.3,-0.17,0.06,9.46,False,MEDIUM,overheat
45.0,121.0,5.3,-0.04,0.22,10.0,False,MEDIUM,overheat
47.3,117.0,5.5,-0.08,-0.05,9.9,False,MEDIUM,overheat
45.6,124.0,5.4,-0.08,-0.11,9.71,False,MEDIUM,overheat
44.7,127.0,5.4,-0.14,0.06,9.57,False,LOW,overheat
45.5,125.0,5.6,-0.18,-0.24,9.53,False,MEDIUM,overheat
46.2,121.0,5.6,-0.09,-0.29,9.4,False,MEDIUM,overheat
46.1,114.0,5.3,0.35,0.26,9.77,False,MEDIUM,overheat
46.7,122.0,5.1,-0.01,-0.08,10.14,False,MEDIUM,overheat
46.7,126.0,5.0,0.14,-0.15,9.7,False,MEDIUM,overheat
45.2,125.0,4.8,0.26,0.08,9.82,False,MEDIUM,overheat
47.1,137.0,4.8,0.03,-0.02,9.53,False,MEDIUM,overheat
45.5,137.0,4.8,-0.18,-0.16,9.76,False,MEDIUM,overheat
45.8,138.0,4.9,-0.15,-0.09,9.64,False,MEDIUM,overheat
46.0,137.0,5.0,-0.22,-0.4,9.69,False,MEDIUM,overheat
47.2,141.0,4.9,0.12,-0.2,9.3,False,MEDIUM,overheat
48.6,145.0,5.0,-0.18,0.19,9.65,False,MEDIUM,overheat
48.0,151.0,4.9,0.14,-0.09,9.65,False,MEDIUM,overheat
45.3,149.0,4.8,-0.18,-0.01,9.93,False,MEDIUM,overheat
47.1,143.0,4.8,0.01,-0.06,9.53,False,MEDIUM,overheat
45.9,149.0,4.7,-0.18,0.16,9.74,False,MEDIUM,overheat
45.4,154.0,4.6,-0.1,0.49,9.92,False,MEDIUM,overheat
46.6,154.0,4.4,0.07,-0.1,9.8,False,MEDIUM,overheat
49.0,166.0,4.5,0.08,-0.11,10.15,False,MEDIUM,overheat
48.5,178.0,4.9,-0.27,0.12,9.98,False,MEDIUM,overheat
48.1,178.0,4.9,-0.2,-0.08,9.93,False,MEDIUM,overheat
47.0,173.0,4.7,0.1,0.06,9.89,False,MEDIUM,overheat
48.8,177.0,4.4,-0.08,-0.17,9.68,False,MEDIUM,overheat
46.9,180.0,3.8,-0.48,-0.17,9.95,False,MEDIUM,overheat
46.9,185.0,3.8,-0.1,0.1,10.17,False,MEDIUM,overheat
48.0,182.0,3.5,0.38,-0.16,9.35,False,MEDIUM,overheat
49.3,185.0,3.5,-0.07,0.32,9.58,False,MEDIUM,overheat
50.0,187.0,3.5,-0.07,0.02,9.83,False,MEDIUM,overheat
45.9,194.0,3.6,-0.01,-0.05,9.84,False,MEDIUM,overheat
47.2,194.0,3.5,-0.1,-0.24,9.88,False,MEDIUM,overheat
48.5,194.0,3.3,-0.31,-0.03,9.96,False,MEDIUM,overheat
47.5,193.0,3.5,0.18,-0.06,9.84,False,MEDIUM,overheat
48.2,193.0,3.6,-0.21,0.18,9.77,False,MEDIUM,overheat
47.5,198.0,3.5,0.12,-0.26,9.7,False,MEDIUM,overheat
49.6,200.0,3.6,-0.14,-0.12,9.99,False,MEDIUM,overheat
47.4,207.0,3.6,0.49,-0.23,9.6,False,MEDIUM,overheat
47.9,199.0,3.6,0.22,0.29,9.31,False,MEDIUM,overheat
47.9,192.0,3.4,-0.03,-0.15,10.27,False,MEDIUM,overheat
45.5,187.0,3.6,-0.04,-0.14,9.41,False,MEDIUM,overheat
48.8,184.0,3.8,-0.07,0.32,9.66,False,MEDIUM,overheat
50.1,168.0,4.1,0.2,0.09,9.69,False,MEDIUM,overheat
48.2,159.0,4.3,-0.05,-0.5,9.3,False,MEDIUM,overheat
48.3,151.0,4.0,0.3,-0.3,9.58,False,MEDIUM,overheat
49.2,155.0,3.8,0.1,-0.06,9.8,False,MEDIUM,overheat
47.8,158.0,3.8,0.4,-0.18,10.15,False,MEDIUM,overheat
47.9,158.0,3.8,-0.26,0.12,9.74,False,MEDIUM,overheat
49.5,157.0,3.6,0.33,0.04,9.86,False,MEDIUM,overheat
48.9,155.0,3.4,0.02,0.08,9.81,False,MEDIUM,overheat
48.0,154.0,3.5,0.13,0.02,10.0,False,MEDIUM,overheat
48.6,157.0,3.6,0.31,-0.04,9.43,False,MEDIUM,overheat
49.5,165.0,3.7,-0.11,0.04,9.91,False,MEDIUM,overheat
50.0,161.0,3.9,-0.26,0.32,9.88,False,MEDIUM,overheat
49.8,162.0,4.1,0.27,-0.26,10.0,False,MEDIUM,overheat
48.0,171.0,4.3,-0.32,-0.42,9.86,False,MEDIUM,overheat
50.7,174.0,4.3,-0.28,0.17,9.96,False,MEDIUM,overheat
51.2,181.0,4.2,-0.07,-0.32,10.08,False,MEDIUM,overheat
49.7,182.0,4.1,-0.07,-0.23,9.4,False,MEDIUM,overheat
47.4,185.0,4.0,0.12,0.03,9.92,False,MEDIUM,overheat
48.9,186.0,3.9,0.14,0.07,9.82,False,MEDIUM,overheat
50.1,192.0,3.8,-0.0,0.09,10.05,False,MEDIUM,overheat
49.4,193.0,4.0,-0.12,0.5,9.98,False,MEDIUM,overheat
49.3,201.0,4.1,-0.18,0.21,9.95,False,MEDIUM,overheat
49.6,195.0,4.3,-0.06,0.19,10.12,False,MEDIUM,overheat
51.0,186.0,4.3,0.0,0.07,9.7,False,MEDIUM,overheat
49.8,194.0,4.4,0.21,-0.26,10.15,False,MEDIUM,overheat
49.3,197.0,3.9,0.04,-0.12,9.5,False,MEDIUM,overheat
49.1,195.0,4.0,0.01,0.12,9.59,False,MEDIUM,overheat
51.8,196.0,3.8,-0.28,-0.04,10.06,False,MEDIUM,overheat
49.2,211.0,4.1,0.02,0.02,9.3,False,MEDIUM,overheat
49.1,209.0,4.3,0.07,0.26,9.86,False,MEDIUM,overheat
50.4,204.0,4.6,0.11,0.3,9.99,False,MEDIUM,overheat
50.3,203.0,4.5,0.2,-0.23,9.84,False,MEDIUM,overheat
50.9,197.0,4.5,0.13,0.0,9.9,False,MEDIUM,overheat
49.1,194.0,4.5,0.24,0.12,9.56,False,MEDIUM,overheat
52.0,193.0,4.8,-0.06,0.37,9.76,False,MEDIUM,overheat
50.4,192.0,4.7,-0.1,0.07,9.51,False,MEDIUM,overheat
50.9,201.0,4.9,-0.03,-0.23,9.67,False,MEDIUM,overheat
51.2,198.0,5.0,-0.05,0.11,9.88,False,MEDIUM,overheat
50.3,190.0,5.0,-0.49,0.11,9.84,False,MEDIUM,overheat
50.4,191.0,5.1,-0.01,-0.22,9.54,False,MEDIUM,overheat
50.9,184.0,4.9,-0.15,0.09,9.88,False,MEDIUM,overheat
50.0,194.0,4.6,0.1,0.04,9.52,False,MEDIUM,overheat
51.2,190.0,4.9,-0.11,0.03,9.39,False,MEDIUM,overheat
49.9,187.0,4.8,0.15,-0.06,9.72,False,MEDIUM,overheat
50.3,184.0,4.7,0.06,0.18,9.83,False,MEDIUM,overheat
51.5,181.0,4.7,-0.15,0.32,9.9,False,MEDIUM,overheat
50.5,181.0,4.8,0.03,-0.19,9.93,False,MEDIUM,overheat
50.9,192.0,4.5,0.18,0.18,10.3,False,MEDIUM,overheat
51.7,185.0,4.5,-0.26,-0.02,10.06,False,MEDIUM,overheat
50.5,171.0,4.7,-0.06,-0.3,9.98,False,MEDIUM,overheat
51.9,173.0,4.4,0.03,-0.13,9.97,False,MEDIUM,overheat
49.7,163.0,4.7,-0.03,-0.28,9.71,False,MEDIUM,overheat
51.6,162.0,4.8,-0.49,0.1,9.95,False,MEDIUM,overheat
52.5,163.0,4.7,-0.02,-0.28,9.48,False,MEDIUM,overheat
50.7,166.0,5.0,-0.37,-0.04,9.42,False,MEDIUM,overheat
50.5,162.0,5.0,0.19,-0.32,9.46,False,MEDIUM,overheat
52.0,167.0,5.2,0.1,0.22,10.19,False,MEDIUM,overheat
50.8,170.0,5.1,0.17,0.1,9.96,False,MEDIUM,overheat
50.5,173.0,5.4,-0.11,0.08,9.87,False,MEDIUM,overheat
50.7,169.0,5.4,-0.1,0.19,9.77,False,MEDIUM,overheat
54.8,164.0,5.8,0.09,0.11,9.68,False,MEDIUM,overheat
52.1,162.0,5.8,0.05,0.06,9.77,False,MEDIUM,overheat
51.8,169.0,5.8,0.22,-0.05,9.79,False,MEDIUM,overheat
51.8,171.0,5.7,0.14,-0.42,9.56,False,MEDIUM,overheat
52.6,180.0,5.7,0.06,-0.01,9.9,False,MEDIUM,overheat
52.8,183.0,5.6,-0.31,-0.2,9.75,False,MEDIUM,overheat
51.5,186.0,5.5,-0.13,0.12,9.84,False,MEDIUM,overheat
52.5,186.0,5.1,-0.49,0.04,9.94,False,MEDIUM,overheat
52.3,184.0,5.1,-0.05,-0.4,10.04,False,MEDIUM,overheat
51.4,183.0,5.5,-0.14,-0.15,9.59,False,MEDIUM,overheat
53.6,190.0,5.5,0.4,0.1,10.09,False,MEDIUM,overheat
53.8,188.0,5.5,-0.12,0.25,9.85,False,MEDIUM,overheat
52.8,189.0,5.3,-0.0,0.18,9.89,False,MEDIUM,overheat
52.9,194.0,5.2,-0.02,-0.04,9.57,False,MEDIUM,overheat
51.3,182.0,5.3,-0.21,0.0,10.0,False,MEDIUM,overheat
51.7,183.0,5.8,0.37,0.12,10.3,False,MEDIUM,overheat
53.7,179.0,6.1,0.4,0.03,9.76,False,MEDIUM,overheat
53.2,179.0,5.8,-0.25,0.08,9.85,False,MEDIUM,overheat
52.1,180.0,5.7,0.09,-0.27,9.91,False,MEDIUM,overheat
52.8,181.0,5.8,-0.04,-0.01,10.03,False,MEDIUM,overheat
52.1,174.0,5.9,-0.24,-0.33,9.46,False,MEDIUM,overheat
52.5,183.0,6.0,0.07,0.11,9.61,False,MEDIUM,overheat
53.4,190.0,5.9,0.1,-0.26,9.56,False,MEDIUM,overheat
52.2,198.0,5.7,0.14,0.31,9.62,False,MEDIUM,overheat
53.3,205.0,6.1,0.06,-0.03,9.98,False,MEDIUM,overheat
52.3,210.0,5.8,-0.03,0.19,9.53,False,MEDIUM,overheat
53.4,207.0,5.8,0.04,-0.09,9.5,False,MEDIUM,overheat
55.6,210.0,5.6,0.22,-0.35,9.37,False,MEDIUM,overheat
53.5,207.0,5.4,-0.16,0.22,9.97,False,MEDIUM,overheat
53.4,207.0,5.7,-0.03,0.03,9.74,False,MEDIUM,overheat
54.7,216.0,5.5,0.04,0.15,9.86,False,MEDIUM,overheat
53.4,218.0,6.0,-0.11,0.17,9.92,False,MEDIUM,overheat
51.0,221.0,5.7,0.0,-0.02,10.04,False,MEDIUM,overheat
52.1,228.0,5.7,-0.19,-0.06,9.69,False,MEDIUM,overheat
52.9,227.0,5.4,0.36,0.39,9.82,False,MEDIUM,overheat
53.2,229.0,5.3,0.25,-0.01,9.58,False,MEDIUM,overheat
52.8,224.0,5.4,-0.25,-0.15,9.69,False,MEDIUM,overheat
54.0,221.0,5.4,-0.06,-0.47,9.66,False,MEDIUM,overheat
53.1,218.0,5.2,-0.18,-0.15,9.92,False,MEDIUM,overheat
55.1,213.0,5.0,-0.34,-0.1,9.47,False,MEDIUM,overheat
53.9,214.0,5.4,-0.15,0.15,9.83,False,MEDIUM,overheat
52.5,202.0,5.4,0.2,-0.02,9.61,False,MEDIUM,overheat
53.7,206.0,4.9,0.29,0.09,9.89,False,MEDIUM,overheat
55.2,200.0,5.0,0.37,0.03,9.67,False,MEDIUM,overheat
53.2,202.0,4.9,0.08,-0.04,9.6,False,MEDIUM,overheat
53.0,204.0,4.9,-0.17,0.2,10.23,False,MEDIUM,overheat
52.8,200.0,5.0,-0.04,0.21,9.7,False,MEDIUM,overheat
55.5,201.0,5.0,0.17,-0.2,9.84,False,MEDIUM,overheat
55.6,204.0,4.8,0.05,-0.02,10.1,False,MEDIUM,overheat
55.0,209.0,4.6,0.17,-0.0,9.98,False,MEDIUM,overheat
54.8,209.0,4.5,-0.0,-0.06,9.64,False,MEDIUM,overheat
53.4,202.0,4.5,0.19,0.08,9.68,False,MEDIUM,overheat
54.8,196.0,4.6,0.21,0.07,9.84,False,MEDIUM,overheat
54.2,196.0,4.5,-0.26,-0.26,9.66,False,MEDIUM,overheat
53.8,193.0,4.8,0.1,0.36,9.8,False,MEDIUM,overheat
54.2,193.0,4.8,-0.07,-0.15,10.18,False,MEDIUM,overheat
54.9,199.0,5.2,-0.36,0.0,10.3,False,MEDIUM,overheat
53.9,201.0,5.2,0.06,0.18,9.98,False,MEDIUM,overheat
54.4,198.0,5.3,0.08,-0.07,10.06,False,MEDIUM,overheat
54.8,202.0,5.5,0.23,0.02,9.91,False,MEDIUM,overheat
55.5,209.0,5.2,0.16,0.3,9.63,False,MEDIUM,overheat
55.3,211.0,5.1,-0.33,-0.11,9.94,False,MEDIUM,overheat
57.6,219.0,5.4,0.36,-0.16,9.93,False,MEDIUM,overheat
27.92,209.03,4.78,-0.03,-0.17,9.45,False,LOW,fall
28.08,198.45,5.36,0.19,0.14,9.89,False,LOW,fall
27.53,207.55,4.54,-0.1,-0.19,9.97,False,LOW,fall
28.2,199.61,4.88,0.15,-0.11,9.52,False,LOW,fall
27.29,212.01,4.53,-0.04,0.23,9.48,False,LOW,fall
27.39,207.92,4.64,0.5,-0.53,0.96,False,MEDIUM,fall
27.97,199.33,4.74,0.82,-0.08,0.02,False,MEDIUM,fall
28.12,198.83,5.11,-0.16,-0.48,0.71,False,MEDIUM,fall
28.52,186.75,5.02,21.84,13.17,22.15,False,MEDIUM,fall
27.79,206.77,5.14,20.2,19.06,34.0,False,MEDIUM,fall
27.65,208.24,5.09,5.18,1.51,2.86,False,LOW,fall
28.0,188.3,5.31,5.36,1.66,3.33,False,LOW,fall
28.27,202.7,4.82,5.35,0.91,5.05,False,MEDIUM,fall
27.4,184.8,5.52,5.95,2.45,4.75,False,MEDIUM,fall
27.72,182.91,5.05,6.79,0.77,5.15,False,MEDIUM,fall
27.75,196.08,5.12,7.53,1.19,2.75,False,LOW,fall
28.75,192.11,5.42,5.62,1.6,4.15,False,MEDIUM,fall
28.64,212.53,4.56,7.42,1.72,6.21,False,MEDIUM,fall
28.86,199.67,4.64,5.82,1.57,3.1,False,LOW,fall
28.15,190.01,5.25,5.47,0.77,3.65,False,LOW,fall
27.72,188.68,5.04,0.27,-0.29,9.4,False,LOW,fall
28.28,194.35,5.45,-0.16,0.12,9.72,False,LOW,fall
27.6,208.99,5.15,0.05,0.18,9.58,False,LOW,fall
27.37,207.95,4.48,-0.14,-0.1,10.06,False,LOW,fall
28.57,216.26,4.72,0.13,0.21,9.81,False,LOW,fall
28.12,194.27,5.13,1.11,0.3,9.59,False,LOW,fall
28.42,197.74,5.45,-0.25,0.04,9.51,False,LOW,fall
29.18,203.46,4.92,0.07,0.21,9.89,False,LOW,fall
27.6,199.54,5.12,0.22,0.35,9.07,False,LOW,fall
28.18,203.11,4.62,-0.02,-0.24,9.94,False,LOW,fall
27.86,202.17,4.82,-0.01,-0.24,10.12,True,MEDIUM,sos
28.06,211.25,5.16,-0.32,-0.09,9.93,True,MEDIUM,sos
27.54,196.53,5.02,0.12,0.32,10.02,True,MEDIUM,sos
28.7,190.92,5.43,0.14,0.02,10.19,True,MEDIUM,sos
27.55,204.92,5.35,-0.07,-0.3,10.02,True,MEDIUM,sos
28.47,228.36,4.94,0.42,0.5,10.02,True,MEDIUM,sos
27.03,230.8,4.65,-0.77,0.55,9.54,True,MEDIUM,sos
29.16,249.57,5.24,0.41,0.32,9.4,True,MEDIUM,sos
30.01,264.79,5.66,0.39,0.12,9.8,True,MEDIUM,sos
32.41,292.69,5.05,0.11,0.15,10.23,True,MEDIUM,sos
29.02,304.12,4.51,0.36,0.12,9.98,True,MEDIUM,sos
30.74,322.81,5.0,0.18,-0.32,10.03,True,MEDIUM,sos
32.55,327.71,5.29,-0.51,0.1,9.9,True,MEDIUM,sos
32.47,338.93,4.76,-0.18,0.27,9.85,True,MEDIUM,sos
29.88,369.26,4.54,0.59,-0.2,9.82,True,MEDIUM,sos
33.1,393.57,5.25,-0.05,-0.03,9.78,True,MEDIUM,sos
32.34,416.04,5.11,-0.31,0.16,9.72,True,MEDIUM,sos
32.98,431.67,4.76,-0.11,0.14,9.74,True,MEDIUM,sos
34.67,465.78,4.99,0.05,-0.44,9.61,True,MEDIUM,sos
34.69,500.06,5.11,-0.46,0.24,10.24,True,MEDIUM,sos
34.1,529.75,4.5,0.06,-0.35,10.2,True,MEDIUM,sos
36.11,521.46,4.71,0.31,-0.38,9.87,True,MEDIUM,sos
35.37,550.02,5.21,0.51,-0.31,10.02,True,MEDIUM,sos
37.06,547.94,4.76,0.16,-0.17,9.86,True,MEDIUM,sos
37.02,616.96,4.86,-0.09,0.02,9.98,True,HIGH,sos
26.62,182.17,5.55,0.62,-0.13,9.92,False,LOW,combined
28.96,226.75,6.47,-0.3,0.57,9.89,False,LOW,combined
26.92,252.08,6.4,-0.19,0.15,9.43,False,LOW,combined
29.27,244.37,6.79,0.32,-0.23,9.49,False,LOW,combined
31.34,241.2,9.27,0.33,0.13,10.26,False,LOW,combined
30.41,300.99,9.48,-0.22,-0.32,10.25,False,LOW,combined
32.63,299.47,9.71,-0.18,-0.47,9.63,False,LOW,combined
32.93,318.83,11.48,0.17,-0.57,9.76,False,LOW,combined
33.05,302.11,12.06,-0.01,0.09,9.79,False,LOW,combined
33.86,366.8,13.3,-0.4,0.36,10.03,False,LOW,combined
33.05,330.5,13.94,-0.0,0.33,9.7,False,LOW,combined
32.74,371.67,14.43,-0.14,-0.06,9.77,False,LOW,combined
35.5,355.29,14.77,0.11,-0.3,9.67,False,LOW,combined
37.71,386.94,16.76,0.33,-0.08,9.57,False,LOW,combined
36.39,401.08,16.79,-0.29,0.48,9.86,False,LOW,combined
36.93,426.74,19.02,0.1,0.28,9.76,False,LOW,combined
38.5,469.4,18.49,0.0,0.34,10.15,False,MEDIUM,combined
38.95,471.9,19.09,0.15,-0.05,9.86,False,MEDIUM,combined
40.22,460.44,20.34,0.7,-0.13,10.0,False,MEDIUM,combined
39.12,474.69,21.65,0.65,-0.41,9.38,False,MEDIUM,combined
38.73,482.27,22.87,0.61,-0.07,10.0,False,MEDIUM,combined
41.5,520.52,22.92,-0.3,0.16,9.87,False,MEDIUM,combined
40.94,540.49,23.54,0.28,0.31,10.01,False,MEDIUM,combined
42.09,528.16,25.85,-0.12,-0.38,9.58,False,MEDIUM,combined
42.36,561.22,26.58,-0.25,-0.04,9.5,False,MEDIUM,combined
43.97,584.3,26.75,-0.18,0.41,9.47,False,MEDIUM,combined
45.19,607.7,27.69,0.18,-0.06,9.83,False,HIGH,combined
45.76,598.06,28.6,0.5,-0.63,9.75,False,HIGH,combined
47.37,645.95,29.07,-0.01,0.15,9.95,False,HIGH,combined
45.22,626.68,30.2,0.3,-0.16,9.3,True,CRITICAL,combined
46.63,647.63,31.78,-0.07,-0.08,9.49,True,CRITICAL,combined
45.25,647.7,32.39,0.08,0.28,10.21,True,CRITICAL,combined
49.25,672.19,32.74,0.18,0.05,9.84,True,CRITICAL,combined
48.91,679.65,35.3,-0.07,-0.34,10.45,True,CRITICAL,combined
49.88,713.32,34.6,0.47,0.28,10.21,True,CRITICAL,combined
47.59,715.26,35.82,0.19,0.29,9.79,True,CRITICAL,combined
49.52,744.33,36.87,0.35,0.47,9.59,True,CRITICAL,combined
51.07,778.17,37.96,0.03,-0.1,9.4,True,CRITICAL,combined
52.02,780.15,37.8,0.42,0.22,9.72,True,CRITICAL,combined
53.37,800.35,39.73,-0.25,-0.29,9.51,True,CRITICAL,combined
26.9,209.37,5.27,0.09,0.04,9.92,False,LOW,fall
28.19,211.7,5.14,0.05,-0.12,9.85,False,LOW,fall
27.86,207.02,5.42,0.0,0.13,10.01,False,LOW,fall
28.45,196.49,4.93,0.09,-0.09,9.89,False,LOW,fall
28.01,193.18,5.17,-0.22,-0.07,9.81,False,LOW,fall
28.51,197.3,5.33,-0.85,-0.14,0.35,False,MEDIUM,fall
27.83,208.59,4.69,-0.55,1.14,0.94,False,MEDIUM,fall
28.69,188.3,5.3,-0.3,-1.22,1.42,False,MEDIUM,fall
28.12,205.7,5.16,20.12,27.42,42.31,False,MEDIUM,fall
28.24,196.09,5.7,25.98,17.36,21.65,False,MEDIUM,fall
28.31,190.51,5.19,5.95,1.12,2.61,False,LOW,fall
27.89,202.4,5.28,6.57,0.78,4.09,False,MEDIUM,fall
27.34,200.73,4.64,6.26,0.84,3.04,False,LOW,fall
28.15,195.7,4.72,6.6,2.1,3.78,False,LOW,fall
28.79,192.64,4.92,5.46,2.02,4.81,False,MEDIUM,fall
28.02,195.3,5.12,5.84,1.27,3.72,False,LOW,fall
27.3,210.45,4.52,5.48,0.96,5.71,False,MEDIUM,fall
28.31,206.92,4.55,5.61,2.0,3.34,False,LOW,fall
27.23,209.46,4.84,6.44,1.08,3.67,False,LOW,fall
28.34,202.56,5.05,6.19,1.16,4.92,False,MEDIUM,fall
27.55,197.98,5.22,-0.31,0.56,9.5,False,LOW,fall
28.11,191.46,5.43,-0.49,0.16,9.98,False,LOW,fall
29.16,192.51,4.62,0.26,-0.03,10.43,False,LOW,fall
28.49,208.84,5.16,0.13,0.27,8.98,False,LOW,fall
28.04,207.34,5.02,0.14,0.23,9.78,False,LOW,fall
29.18,202.63,5.03,-0.17,0.13,10.0,False,LOW,fall
28.36,212.46,4.76,0.24,0.24,9.61,False,LOW,fall
28.77,193.5,5.07,-0.08,-0.36,10.48,False,LOW,fall
28.18,204.11,5.02,0.43,0.26,9.66,False,LOW,fall
27.37,193.99,5.06,-0.18,0.21,10.22,False,LOW,fall
28.68,202.69,4.91,0.17,-0.15,10.13,True,MEDIUM,sos
28.42,209.34,5.17,-0.07,-0.35,9.46,True,MEDIUM,sos
28.76,193.93,4.83,-0.12,0.14,9.68,True,MEDIUM,sos
27.88,194.53,4.51,0.25,0.29,9.63,True,MEDIUM,sos
27.55,199.15,4.7,-0.17,0.3,9.7,True,MEDIUM,sos
29.77,208.78,5.29,-0.34,-0.02,9.83,True,MEDIUM,sos
29.45,194.09,4.79,0.12,0.35,9.81,True,MEDIUM,sos
27.63,222.71,4.67,0.2,0.34,10.18,True,MEDIUM,sos
29.81,282.01,4.75,0.16,-0.13,9.17,True,MEDIUM,sos
29.09,304.62,4.98,-0.22,0.23,9.61,True,MEDIUM,sos
30.21,306.01,4.53,-0.09,-0.04,9.87,True,MEDIUM,sos
31.46,322.05,4.85,0.05,0.04,9.2,True,MEDIUM,sos
32.11,354.36,5.04,-0.46,0.55,10.06,True,MEDIUM,sos
31.38,360.07,4.93,0.35,0.24,9.83,True,MEDIUM,sos
35.05,340.24,5.1,-0.45,-0.04,9.65,True,MEDIUM,sos
31.92,375.9,5.08,0.07,0.08,10.02,True,MEDIUM,sos
33.53,396.59,4.93,-0.27,0.4,9.71,True,MEDIUM,sos
35.43,433.33,5.08,-0.19,0.24,9.79,True,MEDIUM,sos
35.77,454.06,4.9,-0.21,0.51,9.79,True,MEDIUM,sos
35.9,475.38,4.97,-0.14,0.02,9.15,True,MEDIUM,sos
35.33,486.54,5.06,0.29,0.27,9.93,True,MEDIUM,sos
36.17,539.59,4.73,0.54,-0.22,10.11,True,MEDIUM,sos
35.54,566.23,5.33,0.7,0.02,9.83,True,MEDIUM,sos
34.78,594.85,5.12,-0.01,-0.21,9.93,True,MEDIUM,sos
36.74,592.39,5.05,0.04,0.46,9.79,True,MEDIUM,sos
29.38,220.84,4.4,-0.52,0.12,10.32,False,LOW,combined
27.83,227.04,5.56,0.07,-0.49,9.38,False,LOW,combined
29.56,249.77,6.51,0.02,0.08,9.51,False,LOW,combined
29.49,244.92,7.25,-0.48,-0.21,10.1,False,LOW,combined
29.66,253.93,9.65,-0.1,0.26,9.32,False,LOW,combined
32.04,283.48,8.9,0.08,-0.18,9.92,False,LOW,combined
31.93,289.91,10.97,0.56,0.27,9.74,False,LOW,combined
32.95,316.43,11.76,-0.21,-0.25,8.81,False,LOW,combined
33.02,300.55,12.41,-0.06,-0.01,9.85,False,LOW,combined
32.15,318.99,12.78,-0.33,0.33,9.73,False,LOW,combined
33.68,324.03,13.97,0.13,0.74,9.95,False,LOW,combined
33.79,369.93,13.8,0.13,0.09,9.37,False,LOW,combined
36.78,377.39,14.92,0.09,-0.09,9.86,False,LOW,combined
35.63,396.2,16.77,-0.06,0.09,9.85,False,LOW,combined
36.88,416.47,16.8,0.11,0.12,9.43,False,LOW,combined
38.27,431.07,18.53,0.45,-0.35,10.68,False,MEDIUM,combined
37.63,449.44,18.79,0.05,-0.39,9.82,False,LOW,combined
39.36,450.59,19.79,-0.02,-0.08,9.7,False,MEDIUM,combined
39.85,460.32,20.85,0.88,-0.03,9.73,False,MEDIUM,combined
37.79,491.25,21.31,-0.5,-0.21,9.21,False,LOW,combined
41.13,491.5,22.05,-0.03,0.62,9.43,False,MEDIUM,combined
40.01,534.59,23.9,0.04,-0.35,9.96,False,MEDIUM,combined
42.05,521.82,24.13,-0.16,-0.59,9.39,False,MEDIUM,combined
43.78,526.86,25.32,0.19,0.04,9.55,False,MEDIUM,combined
41.93,582.76,25.66,0.1,-0.08,9.9,False,MEDIUM,combined
42.91,597.28,27.14,-0.19,-0.34,9.89,False,MEDIUM,combined
45.27,609.8,27.96,-0.0,-0.42,9.76,False,HIGH,combined
46.78,613.46,29.13,0.31,-0.16,9.86,False,HIGH,combined
45.75,645.96,29.88,-0.44,-0.11,9.7,False,HIGH,combined
45.62,653.28,30.08,-0.47,-0.46,9.5,True,CRITICAL,combined
46.73,660.92,31.15,-0.3,-0.14,9.57,True,CRITICAL,combined
47.75,692.61,31.78,-0.04,-0.13,10.38,True,CRITICAL,combined
46.11,697.02,32.94,-0.5,-0.09,9.76,True,CRITICAL,combined
48.59,690.45,33.56,0.76,-0.02,10.21,True,CRITICAL,combined
47.51,744.49,35.0,-0.41,0.18,10.0,True,CRITICAL,combined
50.53,723.18,35.16,0.1,0.0,9.98,True,CRITICAL,combined
50.37,732.6,35.58,-0.23,-0.14,10.06,True,CRITICAL,combined
49.45,778.8,37.42,-0.18,-0.17,9.34,True,CRITICAL,combined
51.65,751.47,38.67,0.24,-0.13,9.67,True,CRITICAL,combined
53.24,787.05,39.02,-0.25,-0.33,9.85,True,CRITICAL,combined
28.06,210.91,5.16,-0.03,0.09,9.59,False,LOW,fall
27.54,170.53,5.41,0.28,-0.24,9.61,False,LOW,fall
27.62,193.24,5.38,-0.02,-0.29,10.22,False,LOW,fall
28.62,202.21,5.31,-0.04,0.22,9.67,False,LOW,fall
27.84,204.41,5.16,-0.18,0.1,9.85,False,LOW,fall
28.06,180.68,5.09,-0.15,-0.46,0.77,False,MEDIUM,fall
27.31,183.36,4.87,0.48,-0.38,0.78,False,MEDIUM,fall
28.14,199.79,5.36,0.78,0.38,1.09,False,MEDIUM,fall
28.16,191.37,4.98,28.57,19.75,41.74,False,MEDIUM,fall
28.12,198.13,4.82,21.08,19.55,33.48,False,MEDIUM,fall
28.94,211.9,5.22,5.39,1.67,6.14,False,MEDIUM,fall
27.03,193.95,5.31,4.62,1.49,4.52,False,MEDIUM,fall
27.63,192.32,5.51,7.41,1.21,6.5,False,MEDIUM,fall
28.9,201.18,5.53,7.08,1.73,3.59,False,LOW,fall
28.15,199.55,5.04,5.81,1.29,3.1,False,LOW,fall
27.3,195.63,5.12,5.23,0.82,5.41,False,MEDIUM,fall
28.5,210.5,5.45,6.09,0.72,4.66,False,MEDIUM,fall
27.79,198.14,4.88,4.16,2.3,3.54,False,LOW,fall
27.93,196.99,5.12,4.26,1.89,3.76,False,LOW,fall
28.13,187.03,5.18,4.58,1.22,2.57,False,LOW,fall
28.31,200.4,5.31,0.32,0.23,9.99,False,LOW,fall
27.58,189.28,5.4,0.44,-0.52,10.1,False,LOW,fall
26.8,188.27,4.71,0.06,-0.44,9.82,False,LOW,fall
27.85,205.99,5.39,0.05,0.48,10.38,False,LOW,fall
27.93,201.35,4.87,0.18,0.15,10.21,False,LOW,fall
28.01,202.56,5.52,-0.66,-0.05,10.18,False,LOW,fall
27.57,192.89,5.29,0.15,0.64,10.04,False,LOW,fall
27.9,210.6,5.26,0.04,-0.5,9.91,False,LOW,fall
28.11,193.49,5.01,0.2,0.13,10.19,False,LOW,fall
28.31,208.14,4.54,0.6,-0.06,9.82,False,LOW,fall
27.86,198.34,5.41,0.04,0.37,9.81,True,MEDIUM,sos
28.1,178.94,4.91,0.29,-0.21,9.99,True,MEDIUM,sos
28.39,187.87,5.03,0.13,-0.03,9.94,True,MEDIUM,sos
27.5,200.52,4.65,0.04,0.01,9.53,True,MEDIUM,sos
27.92,200.23,5.11,-0.07,0.32,9.74,True,MEDIUM,sos
27.9,221.1,5.11,-0.2,0.25,9.27,True,MEDIUM,sos
26.12,191.43,4.64,0.22,-0.67,9.71,True,MEDIUM,sos
28.87,265.88,4.37,0.6,0.11,9.56,True,MEDIUM,sos
29.28,274.22,4.34,0.1,0.51,9.95,True,MEDIUM,sos
28.87,264.89,5.03,-0.17,-0.03,10.08,True,MEDIUM,sos
29.82,292.41,5.15,-0.22,-0.25,9.99,True,MEDIUM,sos
31.03,343.2,4.98,0.01,-0.2,9.5,True,MEDIUM,sos
32.22,317.59,5.34,-0.31,-0.13,9.73,True,MEDIUM,sos
31.11,356.11,5.44,0.34,1.12,10.2,True,MEDIUM,sos
31.83,381.72,4.66,0.0,-0.29,10.15,True,MEDIUM,sos
33.01,390.37,4.72,0.35,-0.12,9.62,True,MEDIUM,sos
33.25,467.94,5.11,-0.31,-0.02,10.08,True,MEDIUM,sos
34.18,447.01,4.7,0.03,0.26,10.31,True,MEDIUM,sos
34.31,465.13,4.62,-0.2,0.1,9.99,True,MEDIUM,sos
35.68,456.73,5.07,-0.37,-0.17,9.89,True,MEDIUM,sos
37.29,505.48,4.49,-0.52,-0.45,9.54,True,MEDIUM,sos
36.62,484.28,5.25,0.42,0.33,10.0,True,MEDIUM,sos
36.92,511.94,5.13,-0.1,0.31,9.89,True,MEDIUM,sos
37.88,577.73,4.75,-0.17,-0.57,10.13,True,MEDIUM,sos
39.04,609.91,4.82,0.31,-0.22,9.6,True,HIGH,sos
26.1,195.03,5.55,-0.08,-0.03,9.34,False,LOW,combined
27.24,202.61,5.05,-0.44,-0.18,9.78,False,LOW,combined
32.53,229.66,6.42,-0.15,-0.23,9.82,False,LOW,combined
28.1,234.84,7.6,0.41,-0.06,10.13,False,LOW,combined
29.49,253.75,8.39,0.3,-0.05,9.5,False,LOW,combined
31.03,272.4,9.16,-0.13,0.36,9.88,False,LOW,combined
32.84,273.53,11.06,-0.17,-0.16,9.81,False,LOW,combined
32.75,303.77,11.25,0.04,0.28,9.46,False,LOW,combined
32.71,299.5,11.47,-0.46,0.01,9.97,False,LOW,combined
33.27,345.04,13.49,-0.43,0.4,9.38,False,LOW,combined
32.45,330.14,13.6,-0.19,-0.01,9.72,False,LOW,combined
36.75,365.57,14.07,0.09,0.33,9.95,False,LOW,combined
35.66,398.91,15.64,0.02,-0.21,9.55,False,LOW,combined
36.74,399.35,16.59,0.18,0.26,10.31,False,LOW,combined
36.59,436.8,16.44,0.36,0.01,10.19,False,LOW,combined
37.91,432.92,18.16,-0.01,-0.16,10.2,False,LOW,combined
36.65,432.65,18.38,0.12,-0.05,9.87,False,LOW,combined
39.05,445.69,20.45,-0.37,-0.16,9.54,False,MEDIUM,combined
38.44,476.19,20.26,0.65,-0.48,9.9,False,MEDIUM,combined
40.37,476.42,21.98,-0.26,0.15,10.31,False,MEDIUM,combined
40.05,510.46,21.69,0.04,0.4,10.14,False,MEDIUM,combined
41.08,521.34,23.82,0.22,-0.2,9.93,False,MEDIUM,combined
41.54,536.53,24.15,0.09,-0.25,9.26,False,MEDIUM,combined
42.65,555.19,25.31,0.18,-0.68,9.73,False,MEDIUM,combined
43.07,529.56,25.81,-0.43,-0.09,9.65,False,MEDIUM,combined
44.31,574.11,27.13,-0.02,-0.0,9.76,False,MEDIUM,combined
45.1,578.14,28.2,-0.12,-0.16,9.98,False,HIGH,combined
43.86,588.4,28.9,-0.32,0.07,9.52,False,MEDIUM,combined
44.9,600.0,29.12,-0.42,-0.05,9.76,False,HIGH,combined
46.78,642.23,30.94,0.49,0.24,9.97,True,CRITICAL,combined
47.79,632.77,31.43,0.11,-0.16,10.0,True,CRITICAL,combined
49.6,663.64,31.85,-0.22,-0.01,9.38,True,CRITICAL,combined
47.56,668.72,33.0,-0.05,0.22,10.08,True,CRITICAL,combined
49.48,691.25,34.59,0.2,-0.28,10.16,True,CRITICAL,combined
49.01,712.53,35.12,0.18,-0.05,9.65,True,CRITICAL,combined
50.27,711.38,35.73,0.32,-0.02,10.2,True,CRITICAL,combined
50.29,742.49,36.17,-0.78,-0.22,9.54,True,CRITICAL,combined
52.76,745.25,37.4,0.16,-0.36,9.51,True,CRITICAL,combined
53.75,757.23,38.65,-0.52,-0.0,9.3,True,CRITICAL,combined
51.98,793.38,39.56,0.34,-0.05,9.54,True,CRITICAL,combined
29.19,191.1,5.39,0.11,-0.1,9.7,False,LOW,fall
28.3,208.48,4.79,0.24,0.12,9.84,False,LOW,fall
28.32,198.73,5.04,-0.46,0.04,9.94,False,LOW,fall
28.75,207.48,5.2,0.16,0.15,9.83,False,LOW,fall
27.78,189.18,5.23,0.04,0.08,9.74,False,LOW,fall
27.81,193.74,5.2,-0.47,-0.26,0.35,False,MEDIUM,fall
28.6,217.43,4.96,-0.07,0.28,0.36,False,MEDIUM,fall
27.82,202.94,4.81,0.33,-0.41,0.36,False,MEDIUM,fall
28.06,189.64,5.31,21.41,9.8,17.88,False,MEDIUM,fall
28.43,201.32,4.87,27.29,13.53,34.14,False,MEDIUM,fall
28.36,197.39,5.01,3.89,2.57,5.03,False,MEDIUM,fall
27.88,198.96,4.55,6.52,1.53,5.28,False,MEDIUM,fall
27.79,193.11,4.85,5.76,1.13,4.28,False,MEDIUM,fall
28.96,206.63,4.83,5.44,0.73,4.06,False,MEDIUM,fall
28.26,209.72,4.82,5.68,1.87,3.52,False,LOW,fall
26.62,192.35,4.73,6.47,1.63,4.23,False,MEDIUM,fall
28.56,213.27,5.06,7.11,1.52,4.3,False,MEDIUM,fall
27.64,190.04,5.19,5.44,1.77,4.4,False,MEDIUM,fall
27.69,206.29,5.42,6.18,1.84,3.03,False,LOW,fall
28.71,211.02,5.44,5.37,0.71,4.64,False,MEDIUM,fall
28.1,219.99,4.66,-0.27,-0.0,9.5,False,LOW,fall
27.66,195.39,5.14,0.29,-0.03,9.81,False,LOW,fall
28.1,212.9,4.83,-0.02,0.06,9.84,False,LOW,fall
28.67,198.76,5.16,0.33,-0.33,10.01,False,LOW,fall
28.69,207.33,4.83,-0.11,0.23,10.12,False,LOW,fall
27.88,209.69,4.74,-0.22,-0.22,10.36,False,LOW,fall
27.89,209.39,4.7,0.11,0.24,9.71,False,LOW,fall
28.47,194.33,4.61,-0.82,0.33,9.61,False,LOW,fall
27.49,214.89,5.05,-0.18,0.41,9.49,False,LOW,fall
27.79,192.18,4.78,-0.12,-0.2,9.98,False,LOW,fall
28.22,198.53,4.86,-0.41,-0.17,9.8,True,MEDIUM,sos
28.08,186.56,5.0,0.09,0.07,9.95,True,MEDIUM,sos
27.28,199.99,4.77,0.27,-0.17,10.06,True,MEDIUM,sos
28.18,201.53,5.19,-0.3,0.46,9.76,True,MEDIUM,sos
27.19,221.95,4.97,0.11,-0.22,9.63,True,MEDIUM,sos
27.06,214.67,4.91,-0.23,0.11,9.8,True,MEDIUM,sos
28.16,192.77,5.46,-0.15,-0.1,9.9,True,MEDIUM,sos
29.67,237.11,5.2,0.07,-0.14,10.16,True,MEDIUM,sos
28.7,250.12,4.97,0.04,0.23,9.38,True,MEDIUM,sos
31.27,276.45,4.55,0.06,-0.01,10.03,True,MEDIUM,sos
28.88,309.22,5.21,-0.39,0.26,9.69,True,MEDIUM,sos
28.71,351.62,4.9,-0.45,-0.63,10.32,True,MEDIUM,sos
31.79,319.04,5.19,0.15,-0.21,10.41,True,MEDIUM,sos
31.0,382.91,5.11,-0.03,-0.57,9.47,True,MEDIUM,sos
31.23,384.36,4.86,-0.26,-0.15,9.21,True,MEDIUM,sos
35.04,441.73,5.16,0.42,0.07,9.99,True,MEDIUM,sos
34.11,422.51,4.94,-0.72,-0.01,9.92,True,MEDIUM,sos
35.71,477.92,4.96,0.15,0.1,10.14,True,MEDIUM,sos
34.18,437.75,4.71,0.03,0.36,9.73,True,MEDIUM,sos
35.93,456.25,4.77,-0.45,-0.13,9.56,True,MEDIUM,sos
36.02,495.85,5.03,0.51,0.39,9.64,True,MEDIUM,sos
36.77,519.12,4.58,0.29,-0.03,9.47,True,MEDIUM,sos
35.36,530.46,4.97,-0.1,-0.04,9.69,True,MEDIUM,sos
39.19,552.42,5.64,-0.25,0.34,9.98,True,HIGH,sos
35.83,558.49,5.24,0.25,-0.36,10.24,True,MEDIUM,sos
26.13,212.29,5.13,0.66,-0.08,9.97,False,LOW,combined
28.52,212.89,6.51,-0.01,0.12,10.11,False,LOW,combined
29.48,214.79,6.68,0.15,-0.69,9.57,False,LOW,combined
29.58,243.22,8.07,-0.49,0.38,9.36,False,LOW,combined
30.13,259.9,8.24,0.14,-0.57,9.56,False,LOW,combined
31.17,286.01,10.26,0.22,0.09,9.56,False,LOW,combined
32.17,279.04,10.74,-0.37,0.11,9.69,False,LOW,combined
32.21,305.18,11.91,0.1,-0.1,9.88,False,LOW,combined
32.17,302.97,12.01,-0.16,0.43,10.56,False,LOW,combined
33.24,319.64,13.53,0.26,0.22,9.78,False,LOW,combined
33.07,349.18,13.66,-0.03,0.37,9.23,False,LOW,combined
36.68,366.03,13.5,0.48,-0.13,9.82,False,LOW,combined
35.59,374.69,15.38,-0.01,0.0,9.92,False,LOW,combined
36.33,402.76,16.05,0.12,-0.13,9.45,False,LOW,combined
37.45,422.13,18.03,-0.53,-0.32,9.79,False,LOW,combined
36.38,430.79,18.45,0.23,-0.23,9.52,False,LOW,combined
37.52,442.64,19.29,-0.08,-0.11,9.94,False,LOW,combined
38.67,443.54,20.26,-0.26,-0.17,9.4,False,MEDIUM,combined
38.67,448.51,20.82,-0.08,-0.24,9.44,False,MEDIUM,combined
40.33,485.02,21.63,-0.07,0.4,9.67,False,MEDIUM,combined
39.2,499.89,22.01,0.39,0.42,10.21,False,MEDIUM,combined
42.01,527.99,23.45,0.41,-0.08,9.42,False,MEDIUM,combined
41.26,536.16,24.61,-0.22,-0.32,9.41,False,MEDIUM,combined
43.26,543.55,26.06,0.32,0.05,9.48,False,MEDIUM,combined
42.95,543.38,25.65,-0.14,-0.15,10.28,False,MEDIUM,combined
43.73,549.58,27.53,0.18,0.15,10.16,False,MEDIUM,combined
45.51,580.23,27.16,0.23,0.37,9.76,False,HIGH,combined
44.47,581.03,29.26,-0.48,-0.15,10.04,False,MEDIUM,combined
46.14,631.31,29.77,-0.07,-0.05,9.49,False,HIGH,combined
45.58,621.55,30.04,-0.19,-0.2,9.61,True,CRITICAL,combined
46.19,637.53,31.57,-0.18,0.18,10.0,True,CRITICAL,combined
47.99,692.36,31.43,-0.21,-0.29,10.17,True,CRITICAL,combined
48.74,669.6,32.64,-0.21,0.32,9.51,True,CRITICAL,combined
46.62,700.76,33.12,0.09,0.21,9.6,True,CRITICAL,combined
49.44,701.47,34.69,0.27,0.16,9.43,True,CRITICAL,combined
50.24,720.98,35.0,0.03,0.06,9.66,True,CRITICAL,combined
48.55,748.39,36.42,0.17,0.26,9.68,True,CRITICAL,combined
50.66,757.62,38.02,-0.78,-0.3,9.49,True,CRITICAL,combined
50.21,783.31,38.73,0.23,-0.15,9.87,True,CRITICAL,combined
52.11,768.61,39.33,-0.12,-0.27,9.94,True,CRITICAL,combined
28.09,212.86,5.13,-0.06,0.16,9.69,False,LOW,fall
28.57,193.52,5.16,-0.06,-0.02,9.96,False,LOW,fall
28.56,190.29,4.88,-0.21,0.24,10.0,False,LOW,fall
28.07,184.0,4.79,-0.14,-0.11,10.03,False,LOW,fall
27.2,189.33,5.6,-0.11,-0.05,9.76,False,LOW,fall
27.85,208.56,4.88,-0.25,-0.11,1.54,False,MEDIUM,fall
28.01,205.29,4.61,-0.15,0.01,0.38,False,MEDIUM,fall
29.07,197.55,4.97,0.5,-0.57,0.69,False,MEDIUM,fall
29.0,201.42,4.93,22.2,25.42,44.96,False,MEDIUM,fall
27.89,217.12,5.04,23.72,18.29,38.7,False,MEDIUM,fall
28.16,209.98,5.2,5.13,1.76,4.96,False,MEDIUM,fall
28.86,208.09,4.6,5.57,0.88,3.08,False,LOW,fall
28.61,218.06,4.83,5.44,0.57,6.77,False,MEDIUM,fall
28.0,193.43,5.21,6.93,0.9,4.39,False,MEDIUM,fall
28.71,186.21,4.55,5.56,0.93,3.97,False,LOW,fall
27.66,201.49,5.25,6.31,1.23,3.79,False,LOW,fall
28.32,193.62,5.39,6.97,1.08,3.73,False,LOW,fall
27.81,203.18,4.13,5.88,1.41,3.48,False,LOW,fall
28.18,202.82,4.8,5.49,0.97,2.72,False,LOW,fall
28.27,216.62,5.06,4.47,0.85,4.12,False,MEDIUM,fall
27.56,203.87,5.13,-0.06,-0.24,9.6,False,LOW,fall
28.41,201.43,5.22,-0.21,0.43,9.77,False,LOW,fall
28.57,186.79,4.56,0.53,0.35,9.42,False,LOW,fall
27.66,197.06,5.29,-0.17,-0.37,10.12,False,LOW,fall
28.06,200.68,4.86,-0.26,0.02,10.47,False,LOW,fall
28.19,193.53,4.42,-0.29,-0.65,9.78,False,LOW,fall
28.02,228.59,4.67,0.56,-0.17,9.63,False,LOW,fall
28.46,189.65,5.13,-0.44,-0.53,9.76,False,LOW,fall
27.79,195.48,5.1,-0.38,0.02,10.72,False,LOW,fall
28.62,189.6,5.01,0.34,0.04,9.35,False,LOW,fall
27.82,204.65,4.98,0.13,-0.09,9.9,True,MEDIUM,sos
28.66,205.3,4.37,-0.1,-0.31,9.57,True,MEDIUM,sos
27.92,217.55,4.61,-0.08,0.21,9.83,True,MEDIUM,sos
28.28,223.67,5.01,0.16,-0.06,10.19,True,MEDIUM,sos
28.14,198.68,5.27,0.02,0.25,9.91,True,MEDIUM,sos
26.48,215.69,5.38,0.15,0.1,10.08,True,MEDIUM,sos
29.13,223.29,5.03,0.52,0.42,9.98,True,MEDIUM,sos
27.55,223.62,4.96,0.15,-0.21,9.87,True,MEDIUM,sos
29.01,247.57,5.14,0.5,0.38,10.03,True,MEDIUM,sos
27.78,302.47,4.6,-0.18,-0.31,9.7,True,MEDIUM,sos
29.83,288.09,5.32,-0.09,-0.13,9.79,True,MEDIUM,sos
31.35,312.4,5.33,-0.14,-0.41,9.82,True,MEDIUM,sos
31.14,360.72,5.42,-0.04,0.04,9.81,True,MEDIUM,sos
31.84,411.8,5.38,-0.24,-0.27,9.85,True,MEDIUM,sos
32.31,406.02,4.58,-0.44,-0.19,9.38,True,MEDIUM,sos
32.75,408.48,4.14,0.39,-0.32,10.35,True,MEDIUM,sos
34.66,429.4,5.01,0.14,0.2,9.86,True,MEDIUM,sos
33.31,391.24,5.35,-0.09,-0.26,10.29,True,MEDIUM,sos
34.55,490.75,4.98,0.26,-0.28,9.79,True,MEDIUM,sos
36.04,498.82,4.33,-0.43,0.06,10.33,True,MEDIUM,sos
35.77,512.82,4.8,0.18,0.12,9.36,True,MEDIUM,sos
36.18,491.59,4.39,0.56,0.21,9.64,True,MEDIUM,sos
35.34,557.93,5.09,-0.25,-0.3,10.04,True,MEDIUM,sos
39.04,549.8,4.94,0.14,0.34,10.09,True,HIGH,sos
35.72,600.21,5.29,0.22,-0.1,9.68,True,HIGH,sos
29.08,205.6,5.64,0.69,-0.03,9.71,False,LOW,combined
27.66,225.15,5.87,0.09,-0.01,9.51,False,LOW,combined
28.44,218.66,7.04,0.55,0.37,9.57,False,LOW,combined
31.35,228.14,7.72,-0.69,0.3,9.58,False,LOW,combined
29.14,253.0,7.41,0.11,-0.08,10.22,False,LOW,combined
30.19,288.9,9.46,-0.24,0.15,9.37,False,LOW,combined
29.32,281.07,11.03,-0.34,0.12,10.05,False,LOW,combined
32.47,311.37,10.36,0.2,-0.41,9.8,False,LOW,combined
33.11,331.05,11.69,0.1,-0.17,10.1,False,LOW,combined
32.39,304.57,12.26,-0.16,-0.08,9.88,False,LOW,combined
33.51,360.92,13.63,-0.22,0.06,9.73,False,LOW,combined
36.43,374.62,14.7,-0.42,-0.41,9.75,False,LOW,combined
35.68,372.8,15.85,-0.78,-0.29,9.29,False,LOW,combined
35.74,394.21,15.06,0.16,0.33,9.57,False,LOW,combined
37.86,411.79,17.32,-0.14,-0.65,10.02,False,LOW,combined
36.55,445.91,18.49,0.3,0.27,9.9,False,LOW,combined
36.04,440.56,19.29,0.3,-0.03,9.88,False,LOW,combined
39.02,435.19,20.33,-0.35,-0.24,10.41,False,MEDIUM,combined
39.77,473.26,21.02,-0.38,-0.01,9.76,False,MEDIUM,combined
39.53,500.09,22.51,0.1,0.02,10.38,False,MEDIUM,combined
40.39,494.33,22.78,0.44,-0.1,10.17,False,MEDIUM,combined
42.81,530.22,23.48,-0.19,-0.08,9.1,False,MEDIUM,combined
41.04,539.19,23.62,-0.5,-0.2,9.89,False,MEDIUM,combined
42.21,546.89,25.02,-0.01,-0.33,9.89,False,MEDIUM,combined
43.69,573.53,26.38,-0.06,-0.46,10.01,False,MEDIUM,combined
44.04,579.1,27.8,-0.02,0.31,10.0,False,MEDIUM,combined
44.14,594.0,26.83,-0.09,-0.17,9.67,False,MEDIUM,combined
42.84,581.1,29.52,-0.81,-0.23,9.67,False,MEDIUM,combined
46.58,606.58,28.97,0.46,0.11,9.52,False,HIGH,combined
46.77,639.57,29.92,0.51,-0.2,9.99,True,CRITICAL,combined
45.86,630.29,31.13,-0.33,0.32,10.11,True,CRITICAL,combined
48.01,655.18,32.69,-0.48,0.41,9.52,True,CRITICAL,combined
45.27,678.67,33.01,-0.41,0.17,10.0,True,CRITICAL,combined
48.27,696.24,33.57,0.05,0.08,10.1,True,CRITICAL,combined
47.97,699.83,34.27,-0.53,-0.23,9.75,True,CRITICAL,combined
48.83,724.72,35.69,-0.09,0.3,10.07,True,CRITICAL,combined
48.7,755.67,35.82,0.17,0.15,9.08,True,CRITICAL,combined
51.36,738.73,37.82,-0.3,-0.38,10.28,True,CRITICAL,combined
51.56,749.38,37.87,0.62,-0.53,10.26,True,CRITICAL,combined
52.83,791.94,39.39,0.22,0.17,9.54,True,CRITICAL,combined
27.65,206.24,5.37,-0.01,-0.02,9.91,False,LOW,fall
28.68,199.37,5.24,0.15,0.27,9.94,False,LOW,fall
27.9,197.52,5.02,0.19,0.09,9.84,False,LOW,fall
27.73,206.35,5.28,-0.19,-0.29,9.99,False,LOW,fall
27.55,187.51,5.02,-0.09,-0.12,9.79,False,LOW,fall
27.91,192.46,5.32,-0.46,-0.06,-0.78,False,MEDIUM,fall
28.2,199.21,5.08,-0.85,0.51,0.86,False,MEDIUM,fall
29.19,174.21,4.72,-0.6,-0.86,0.68,False,MEDIUM,fall
28.86,203.05,4.97,24.1,16.48,39.51,False,MEDIUM,fall
28.59,212.55,4.84,27.16,14.85,30.02,False,MEDIUM,fall
27.31,203.68,4.94,5.17,1.63,3.43,False,LOW,fall
27.32,192.72,4.79,4.35,0.48,3.08,False,LOW,fall
26.9,181.32,5.03,5.71,2.08,3.31,False,LOW,fall
28.02,218.81,5.19,6.32,2.44,4.27,False,MEDIUM,fall
28.95,202.66,5.07,4.2,0.75,2.63,False,LOW,fall
28.52,199.62,5.34,6.83,2.05,4.26,False,MEDIUM,fall
28.52,204.36,4.82,6.69,1.13,1.04,False,LOW,fall
27.21,202.43,5.08,6.2,1.59,5.22,False,MEDIUM,fall
28.25,181.16,4.64,6.5,2.25,5.27,False,MEDIUM,fall
28.27,185.75,5.41,6.46,1.14,2.39,False,LOW,fall
27.38,195.97,4.95,0.15,0.32,10.08,False,LOW,fall
28.81,205.41,4.77,0.08,-0.19,9.7,False,LOW,fall
27.4,205.08,5.07,-0.35,0.03,9.61,False,LOW,fall
27.82,203.3,4.7,0.45,0.38,9.75,False,LOW,fall
27.78,200.71,5.4,0.09,0.2,9.89,False,LOW,fall
26.73,181.13,4.38,0.02,0.2,9.86,False,LOW,fall
27.62,197.86,5.09,-0.12,-0.2,9.66,False,LOW,fall
27.35,198.52,5.71,0.09,0.26,9.67,False,LOW,fall
28.11,188.91,5.09,0.26,0.12,9.82,False,LOW,fall
27.61,202.38,4.87,-0.24,-0.22,9.82,False,LOW,fall
27.61,202.4,5.23,-0.5,0.47,9.71,True,MEDIUM,sos
28.57,207.99,4.99,0.26,0.08,10.0,True,MEDIUM,sos
28.02,194.33,4.79,0.02,-0.12,9.82,True,MEDIUM,sos
27.58,218.55,4.87,0.01,0.09,9.92,True,MEDIUM,sos
28.31,199.69,5.55,0.22,0.36,10.02,True,MEDIUM,sos
29.3,192.96,5.29,-0.29,-0.4,9.44,True,MEDIUM,sos
29.87,236.63,5.26,0.6,0.17,9.91,True,MEDIUM,sos
29.09,249.97,4.72,0.22,-0.18,9.71,True,MEDIUM,sos
29.8,251.59,4.92,0.1,-0.43,9.46,True,MEDIUM,sos
29.71,270.92,5.08,0.62,-0.0,9.23,True,MEDIUM,sos
30.79,290.94,5.16,0.18,-0.06,9.44,True,MEDIUM,sos
31.45,299.46,5.29,0.18,0.25,9.8,True,MEDIUM,sos
32.81,320.3,4.99,0.02,0.26,9.75,True,MEDIUM,sos
31.13,334.6,5.12,0.28,0.03,9.65,True,MEDIUM,sos
32.55,372.72,5.3,0.4,-0.75,9.73,True,MEDIUM,sos
33.28,438.44,5.05,0.02,0.07,9.95,True,MEDIUM,sos
32.35,412.65,4.89,0.2,0.43,9.64,True,MEDIUM,sos
33.23,449.14,4.51,-0.65,0.08,9.43,True,MEDIUM,sos
34.92,449.74,4.68,-0.44,-0.02,9.62,True,MEDIUM,sos
33.41,475.77,4.97,0.11,0.03,9.91,True,MEDIUM,sos
35.25,505.65,5.09,-0.15,0.45,9.66,True,MEDIUM,sos
36.62,519.83,4.88,0.38,-0.12,9.85,True,MEDIUM,sos
36.11,582.49,5.07,-0.07,0.14,10.0,True,MEDIUM,sos
35.35,559.27,4.95,0.23,-0.19,9.51,True,MEDIUM,sos
37.72,541.0,5.17,0.49,0.26,10.0,True,MEDIUM,sos
29.09,165.56,5.67,-0.11,0.46,9.65,False,LOW,combined
28.68,211.37,6.18,-0.35,0.19,9.62,False,LOW,combined
29.37,235.18,5.89,-0.29,-0.19,10.05,False,LOW,combined
28.64,245.29,7.39,0.25,-0.52,9.35,False,LOW,combined
31.55,251.54,8.55,-0.05,0.0,10.03,False,LOW,combined
30.26,289.23,9.61,0.12,0.21,9.83,False,LOW,combined
31.77,259.93,10.22,0.09,-0.26,9.57,False,LOW,combined
32.23,296.08,11.62,0.04,0.31,10.13,False,LOW,combined
33.74,342.33,11.53,0.39,-0.21,9.82,False,LOW,combined
34.17,346.36,12.48,-0.34,-0.08,9.78,False,LOW,combined
34.6,362.43,13.58,0.0,0.32,9.93,False,LOW,combined
35.92,368.76,14.91,0.12,0.34,10.28,False,LOW,combined
33.4,401.88,15.58,0.06,0.09,10.42,False,LOW,combined
36.45,407.99,16.1,-0.05,-0.01,9.25,False,LOW,combined
35.9,389.62,17.25,-0.14,-0.36,10.19,False,LOW,combined
39.13,427.65,18.6,-0.11,0.23,9.68,False,MEDIUM,combined
35.66,461.83,19.42,-0.28,0.08,9.54,False,LOW,combined
38.25,458.52,20.32,-0.18,-0.45,9.97,False,MEDIUM,combined
39.0,484.33,21.64,0.04,-0.37,9.59,False,MEDIUM,combined
42.05,477.47,20.69,-0.27,0.47,9.32,False,MEDIUM,combined
42.19,479.53,22.73,0.26,0.4,9.8,False,MEDIUM,combined
41.12,522.05,23.0,-0.2,-0.6,10.0,False,MEDIUM,combined
41.65,546.64,23.85,0.33,-0.62,9.77,False,MEDIUM,combined
41.53,559.0,26.13,-0.4,0.36,10.33,False,MEDIUM,combined
41.78,560.02,25.54,-0.19,0.15,9.58,False,MEDIUM,combined
44.13,596.21,26.53,-0.77,-0.26,9.93,False,MEDIUM,combined
41.45,582.7,27.76,-0.22,0.27,9.7,False,MEDIUM,combined
44.98,592.51,28.7,-0.11,-0.04,9.99,False,MEDIUM,combined
45.48,633.1,28.74,0.07,0.38,9.48,False,HIGH,combined
46.56,608.05,30.37,-0.01,-0.18,9.38,True,CRITICAL,combined
45.9,655.71,31.33,-0.22,-0.01,9.71,True,CRITICAL,combined
48.1,636.85,31.95,0.07,-0.03,9.59,True,CRITICAL,combined
48.31,675.2,33.06,0.75,0.45,9.66,True,CRITICAL,combined
48.13,668.69,32.81,-0.23,-0.7,10.14,True,CRITICAL,combined
50.72,706.34,35.48,0.13,0.32,9.66,True,CRITICAL,combined
47.75,727.28,35.75,-0.25,-0.14,10.05,True,CRITICAL,combined
49.67,726.33,36.75,-0.2,-0.27,10.24,True,CRITICAL,combined
50.84,766.72,35.9,-0.27,-0.14,9.6,True,CRITICAL,combined
53.69,770.0,38.38,0.11,0.09,9.71,True,CRITICAL,combined
51.29,777.58,38.71,0.22,0.2,9.34,True,CRITICAL,combined
27.84,213.75,5.1,0.01,-0.16,9.66,False,LOW,fall
28.03,204.53,4.91,-0.09,-0.02,10.07,False,LOW,fall
28.11,192.48,5.55,-0.09,0.03,10.14,False,LOW,fall
28.32,205.81,4.79,-0.0,0.01,9.67,False,LOW,fall
27.31,197.67,5.07,-0.21,-0.02,9.99,False,LOW,fall
28.68,202.16,4.91,0.14,0.26,0.77,False,MEDIUM,fall
28.0,208.5,4.78,0.01,0.06,0.05,False,MEDIUM,fall
26.61,210.55,4.98,1.28,0.19,0.51,False,MEDIUM,fall
27.64,209.09,4.55,35.03,28.19,34.25,False,MEDIUM,fall
27.65,209.19,5.14,18.52,18.84,27.06,False,MEDIUM,fall
27.93,190.68,5.16,5.66,1.82,2.57,False,LOW,fall
28.21,209.19,5.35,6.19,1.76,6.51,False,MEDIUM,fall
28.15,210.7,4.93,7.55,1.86,4.46,False,MEDIUM,fall
27.82,209.3,5.04,5.6,1.64,3.64,False,LOW,fall
27.75,186.48,5.27,6.84,2.47,3.5,False,LOW,fall
28.8,184.19,5.44,6.05,1.1,5.25,False,MEDIUM,fall
26.83,200.43,5.16,5.95,2.02,3.73,False,LOW,fall
27.83,198.66,5.21,5.28,1.86,4.41,False,MEDIUM,fall
28.17,214.28,4.51,7.18,1.11,3.24,False,LOW,fall
28.15,212.92,5.18,4.64,1.74,1.49,False,LOW,fall
27.01,199.89,5.27,-0.12,0.08,10.27,False,LOW,fall
27.9,194.5,4.88,0.27,0.3,10.0,False,LOW,fall
28.77,219.61,5.06,0.22,-0.31,9.83,False,LOW,fall
27.9,185.17,5.27,-0.22,0.19,10.02,False,LOW,fall
27.52,202.56,5.38,-0.23,-0.56,9.98,False,LOW,fall
27.7,200.78,4.11,-0.31,-0.44,9.64,False,LOW,fall
28.04,200.21,5.25,0.45,0.31,9.43,False,LOW,fall
27.71,209.65,4.81,-0.2,-0.26,9.96,False,LOW,fall
28.29,197.29,4.92,0.11,-0.15,9.79,False,LOW,fall
28.29,205.03,5.33,0.15,0.37,9.93,False,LOW,fall
28.25,201.76,5.0,0.12,0.21,9.91,True,MEDIUM,sos
28.04,183.43,4.58,-0.06,-0.08,9.93,True,MEDIUM,sos
27.94,201.37,5.3,0.18,-0.15,9.59,True,MEDIUM,sos
28.45,205.2,5.2,0.22,0.1,9.82,True,MEDIUM,sos
28.2,200.37,5.31,0.27,-0.18,9.76,True,MEDIUM,sos
27.23,214.9,5.14,-0.26,-0.42,9.69,True,MEDIUM,sos
28.83,226.88,4.8,-0.45,-0.01,9.74,True,MEDIUM,sos
29.49,252.01,4.23,0.43,-0.43,9.69,True,MEDIUM,sos
30.39,247.33,5.24,0.12,0.03,9.5,True,MEDIUM,sos
29.68,296.42,5.07,-0.0,0.09,9.94,True,MEDIUM,sos
29.41,285.73,5.31,-0.16,-0.04,9.59,True,MEDIUM,sos
31.75,335.09,5.39,0.27,0.1,9.9,True,MEDIUM,sos
32.66,340.4,5.19,0.03,0.02,9.8,True,MEDIUM,sos
32.66,377.83,5.27,0.05,0.08,9.75,True,MEDIUM,sos
32.8,389.6,4.79,-0.13,0.35,10.14,True,MEDIUM,sos
34.24,381.88,5.1,-0.08,0.64,9.5,True,MEDIUM,sos
35.23,426.83,5.02,-0.18,0.23,10.08,True,MEDIUM,sos
33.12,448.1,4.82,0.4,0.24,9.69,True,MEDIUM,sos
33.2,437.06,4.26,-0.25,-0.62,9.87,True,MEDIUM,sos
35.63,445.73,5.26,-0.09,-0.05,9.6,True,MEDIUM,sos
35.98,490.68,4.4,0.07,0.53,10.01,True,MEDIUM,sos
36.14,460.33,5.16,-0.04,0.49,10.76,True,MEDIUM,sos
34.62,525.22,4.85,-0.5,-0.44,9.28,True,MEDIUM,sos
37.9,607.7,4.71,0.03,0.18,9.77,True,HIGH,sos
38.06,603.0,4.97,-0.66,-0.06,9.62,True,HIGH,sos
28.7,193.6,4.5,-0.21,-0.08,9.58,False,LOW,combined
29.18,209.2,5.87,-0.07,0.01,9.77,False,LOW,combined
28.57,248.84,7.69,-0.14,-0.13,10.18,False,LOW,combined
31.9,233.25,7.26,-0.5,-0.03,10.1,False,LOW,combined
29.63,250.92,7.71,-0.08,-0.45,10.39,False,LOW,combined
32.47,293.41,8.71,0.2,-0.14,9.78,False,LOW,combined
30.57,280.81,10.56,0.26,-0.13,9.15,False,LOW,combined
31.54,326.84,11.4,0.09,0.01,9.76,False,LOW,combined
33.99,325.5,11.41,-0.32,0.36,10.25,False,LOW,combined
34.88,320.77,13.0,-0.21,0.07,9.94,False,LOW,combined
33.48,346.62,13.88,-0.4,-0.16,9.66,False,LOW,combined
34.96,374.52,14.74,0.22,-0.25,9.65,False,LOW,combined
34.64,378.69,14.58,0.11,0.19,9.58,False,LOW,combined
36.69,399.61,17.37,-0.44,-0.31,9.71,False,LOW,combined
36.66,418.47,17.38,-0.1,0.34,9.88,False,LOW,combined
37.44,434.65,18.44,-0.12,0.28,9.51,False,LOW,combined
38.53,433.91,20.95,-0.13,-0.14,9.61,False,MEDIUM,combined
36.73,485.13,20.37,-0.1,-0.22,9.4,False,LOW,combined
39.31,471.44,19.87,-0.06,-0.18,10.0,False,MEDIUM,combined
40.12,497.93,21.64,0.01,-0.46,9.55,False,MEDIUM,combined
41.11,496.08,23.38,0.15,0.15,9.69,False,MEDIUM,combined
41.05,495.81,24.05,-0.08,-0.19,9.36,False,MEDIUM,combined
43.25,558.87,24.59,-0.35,0.43,9.92,False,MEDIUM,combined
43.46,542.38,24.08,-0.54,-0.06,9.79,False,MEDIUM,combined
42.82,581.63,25.62,-0.15,-0.35,9.75,False,MEDIUM,combined
43.81,549.48,26.42,0.07,-0.37,9.82,False,MEDIUM,combined
44.58,587.26,26.6,0.06,0.1,9.6,False,MEDIUM,combined
43.69,624.07,28.71,-0.17,0.11,9.78,False,HIGH,combined
43.54,602.0,30.12,0.3,-0.08,10.31,False,HIGH,combined
46.42,648.82,29.94,-0.03,-0.29,10.11,True,CRITICAL,combined
44.1,652.21,31.56,-0.12,-0.63,9.86,True,CRITICAL,combined
49.08,665.1,32.67,0.41,-0.26,9.91,True,CRITICAL,combined
47.72,700.31,33.42,0.1,0.32,9.6,True,CRITICAL,combined
47.12,702.58,33.53,0.11,-0.15,9.56,True,CRITICAL,combined
50.58,730.49,33.91,0.12,-0.03,10.2,True,CRITICAL,combined
51.53,725.78,35.41,0.61,0.14,9.89,True,CRITICAL,combined
48.67,753.89,36.5,0.46,0.1,9.9,True,CRITICAL,combined
50.61,753.29,37.16,-0.01,-0.35,9.14,True,CRITICAL,combined
52.42,761.17,39.47,0.08,0.37,10.14,True,CRITICAL,combined
50.83,801.69,40.07,-0.51,-0.46,9.52,True,CRITICAL,combined
27.77,194.14,4.56,0.08,0.18,9.89,False,LOW,fall
28.12,190.5,4.62,0.07,0.0,10.01,False,LOW,fall
27.69,198.86,4.74,0.35,-0.2,9.86,False,LOW,fall
27.88,205.78,4.72,0.51,0.13,9.95,False,LOW,fall
27.75,201.07,5.01,0.03,-0.08,9.84,False,LOW,fall
27.89,202.87,5.38,-0.63,-0.61,1.17,False,MEDIUM,fall
28.57,207.19,5.04,-0.05,0.2,0.39,False,MEDIUM,fall
27.57,195.4,5.17,0.29,0.76,1.08,False,MEDIUM,fall
28.21,226.37,4.77,20.23,20.66,39.7,False,MEDIUM,fall
27.91,195.57,5.17,38.66,14.94,34.53,False,MEDIUM,fall
27.68,209.85,5.15,6.74,0.92,3.82,False,LOW,fall
27.43,213.3,5.42,4.69,1.97,5.56,False,MEDIUM,fall
27.9,211.85,4.69,6.44,1.58,6.47,False,MEDIUM,fall
28.17,185.72,5.22,5.93,1.23,4.39,False,MEDIUM,fall
28.53,209.52,5.12,6.6,1.5,3.89,False,LOW,fall
28.58,198.87,4.65,5.03,2.34,5.28,False,MEDIUM,fall
27.64,196.12,4.96,5.81,1.74,3.37,False,LOW,fall
27.88,177.22,4.76,6.87,1.62,3.91,False,LOW,fall
27.92,199.52,4.6,6.09,1.57,3.46,False,LOW,fall
28.86,189.98,4.89,5.35,1.93,4.63,False,MEDIUM,fall
28.06,180.87,5.05,-0.02,0.38,10.05,False,LOW,fall
28.33,193.33,5.19,0.01,0.26,10.1,False,LOW,fall
27.72,189.11,4.72,0.33,0.38,10.05,False,LOW,fall
28.27,192.78,4.93,0.03,-0.04,9.92,False,LOW,fall
28.67,200.71,4.55,0.31,-0.25,9.09,False,LOW,fall
28.18,187.75,5.1,0.15,0.44,9.77,False,LOW,fall
28.41,199.11,4.71,0.8,0.52,9.67,False,LOW,fall
28.71,201.31,5.03,0.11,-0.29,9.87,False,LOW,fall
28.02,212.81,5.05,-0.13,-0.06,9.74,False,LOW,fall
27.98,200.22,5.14,0.11,0.45,9.83,False,LOW,fall
28.77,202.72,4.63,-0.3,0.27,9.71,True,MEDIUM,sos
27.54,206.61,4.77,-0.05,0.07,9.78,True,MEDIUM,sos
27.7,177.14,4.63,0.04,-0.16,9.77,True,MEDIUM,sos
27.43,210.07,5.03,-0.18,0.26,9.99,True,MEDIUM,sos
28.09,198.25,5.22,-0.49,0.26,9.82,True,MEDIUM,sos
28.11,160.84,5.09,-0.27,-0.14,9.77,True,MEDIUM,sos
27.45,218.33,5.59,-0.08,-0.06,10.06,True,MEDIUM,sos
27.54,246.97,5.02,0.07,-0.26,9.76,True,MEDIUM,sos
30.41,265.2,5.61,-0.12,-0.41,10.26,True,MEDIUM,sos
29.01,333.99,5.03,0.32,-0.12,9.91,True,MEDIUM,sos
33.23,324.0,4.73,0.13,0.62,9.61,True,MEDIUM,sos
31.96,324.19,5.09,-0.14,-0.53,9.78,True,MEDIUM,sos
31.5,361.35,4.95,0.24,0.36,9.75,True,MEDIUM,sos
31.06,390.3,5.08,0.13,0.24,9.85,True,MEDIUM,sos
33.77,376.07,5.09,0.71,-0.16,10.17,True,MEDIUM,sos
31.9,393.78,5.09,-0.04,-0.11,9.32,True,MEDIUM,sos
33.48,388.56,4.41,-0.13,-0.32,10.09,True,MEDIUM,sos
34.76,441.76,4.88,0.28,0.22,9.35,True,MEDIUM,sos
36.23,493.84,5.15,0.62,-0.36,9.61,True,MEDIUM,sos
34.28,461.82,5.18,-0.04,0.02,9.94,True,MEDIUM,sos
34.66,507.27,5.21,0.01,0.27,9.57,True,MEDIUM,sos
36.36,502.72,4.85,-0.17,-0.15,10.27,True,MEDIUM,sos
35.6,532.12,4.71,0.1,0.11,9.31,True,MEDIUM,sos
35.98,555.14,4.91,-0.02,-0.1,9.53,True,MEDIUM,sos
38.49,596.03,5.26,0.17,-0.03,10.02,True,HIGH,sos
26.37,218.15,4.77,0.0,0.3,10.31,False,LOW,combined
27.56,212.97,4.72,0.1,-0.59,10.01,False,LOW,combined
29.24,237.52,6.81,0.08,-0.29,10.32,False,LOW,combined
30.63,259.3,7.51,-0.43,-0.51,9.23,False,LOW,combined
28.87,260.45,9.31,-0.37,-0.31,9.9,False,LOW,combined
31.72,279.07,8.94,-0.14,-0.35,9.58,False,LOW,combined
31.88,285.34,10.02,0.05,0.28,9.99,False,LOW,combined
32.64,326.44,11.51,0.41,0.13,10.28,False,LOW,combined
32.47,325.82,12.59,-0.39,0.35,10.0,False,LOW,combined
32.45,335.62,13.05,-0.89,0.09,9.45,False,LOW,combined
34.6,329.19,12.58,-0.04,0.22,9.95,False,LOW,combined
35.46,382.96,14.39,-0.24,-0.29,10.31,False,LOW,combined
34.05,363.84,16.12,-0.06,0.24,10.45,False,LOW,combined
35.37,404.56,15.27,-0.22,-0.19,9.84,False,LOW,combined
37.1,421.77,17.18,-0.14,0.18,10.12,False,LOW,combined
37.35,432.61,18.02,0.43,0.07,9.76,False,LOW,combined
37.73,459.09,18.53,-0.3,0.19,9.97,False,LOW,combined
40.96,451.42,19.68,-0.32,-0.23,9.49,False,MEDIUM,combined
39.16,465.3,20.45,-0.23,0.27,9.45,False,MEDIUM,combined
39.6,478.31,20.88,-0.09,-0.06,9.9,False,MEDIUM,combined
40.02,493.9,23.18,-0.15,-0.67,10.03,False,MEDIUM,combined
41.1,506.88,23.07,0.68,-0.3,9.32,False,MEDIUM,combined
41.81,519.45,25.24,-0.36,0.02,9.25,False,MEDIUM,combined
42.36,550.53,25.14,-0.2,0.47,9.61,False,MEDIUM,combined
42.63,564.46,26.1,0.17,-0.79,9.72,False,MEDIUM,combined
44.65,535.49,26.85,-0.25,-0.45,10.2,False,MEDIUM,combined
45.77,614.93,28.17,0.62,-0.31,9.62,False,HIGH,combined
45.78,593.99,28.63,0.03,-0.15,10.07,False,HIGH,combined
44.19,607.19,29.09,0.08,0.45,9.74,False,HIGH,combined
46.16,633.55,31.55,0.2,0.23,9.31,True,CRITICAL,combined
45.94,666.68,31.46,0.43,-0.56,10.16,True,CRITICAL,combined
47.24,657.09,32.08,-0.22,0.21,9.98,True,CRITICAL,combined
47.55,683.62,32.59,-0.07,0.38,10.35,True,CRITICAL,combined
47.97,685.75,34.0,-0.11,-0.08,9.19,True,CRITICAL,combined
47.77,705.89,35.31,0.36,0.14,9.75,True,CRITICAL,combined
50.86,745.8,35.58,-0.09,0.1,9.28,True,CRITICAL,combined
49.57,734.91,36.46,-0.13,0.4,9.84,True,CRITICAL,combined
49.24,739.05,37.28,-0.21,0.04,10.01,True,CRITICAL,combined
51.22,782.39,37.86,-0.35,0.06,9.43,True,CRITICAL,combined
52.29,804.56,39.03,0.15,0.14,9.53,True,CRITICAL,combined
27.88,192.11,5.03,-0.05,0.33,9.7,False,LOW,fall
28.11,214.61,5.33,0.29,-0.44,9.63,False,LOW,fall
28.76,191.08,4.82,0.03,-0.13,9.74,False,LOW,fall
28.77,209.31,4.89,0.39,-0.08,9.67,False,LOW,fall
28.05,203.79,4.99,-0.14,-0.3,10.03,False,LOW,fall
28.35,188.22,4.99,-0.31,-0.06,0.36,False,MEDIUM,fall
28.31,200.43,4.61,0.31,-0.35,0.45,False,MEDIUM,fall
27.83,188.7,5.15,0.06,-0.69,0.22,False,MEDIUM,fall
27.47,184.38,5.32,31.2,11.75,38.45,False,MEDIUM,fall
28.81,203.43,5.02,24.78,17.42,24.12,False,MEDIUM,fall
27.49,188.52,4.86,7.03,1.77,4.01,False,MEDIUM,fall
27.9,210.78,4.91,6.58,1.66,3.27,False,LOW,fall
27.21,203.35,5.22,5.38,2.22,4.26,False,MEDIUM,fall
28.16,208.48,4.75,6.72,1.61,2.84,False,LOW,fall
28.13,182.65,4.9,6.15,2.39,4.36,False,MEDIUM,fall
27.56,197.27,5.53,4.6,1.59,4.25,False,MEDIUM,fall
28.44,205.73,4.9,6.15,1.9,5.84,False,MEDIUM,fall
28.15,212.29,5.21,5.17,1.7,5.52,False,MEDIUM,fall
28.11,212.96,4.77,5.53,1.8,4.45,False,MEDIUM,fall
28.02,197.73,4.93,4.01,0.59,3.78,False,LOW,fall
28.69,185.08,5.41,0.25,-0.29,10.01,False,LOW,fall
27.83,190.3,5.26,-0.2,0.38,10.13,False,LOW,fall
28.76,189.98,5.54,0.54,0.21,9.04,False,LOW,fall
28.39,184.87,5.27,0.32,0.69,9.67,False,LOW,fall
27.23,184.6,4.63,0.03,0.41,9.98,False,LOW,fall
27.93,195.4,5.1,0.36,-0.1,10.25,False,LOW,fall
27.88,204.21,4.92,-0.43,0.17,10.13,False,LOW,fall
28.0,190.7,5.37,-0.13,0.16,10.3,False,LOW,fall
28.78,208.57,5.06,0.28,0.25,9.24,False,LOW,fall
28.47,220.48,4.46,0.34,0.19,9.57,False,LOW,fall
27.92,202.09,4.74,0.2,-0.15,9.73,True,MEDIUM,sos
28.34,197.06,5.07,0.18,-0.29,10.1,True,MEDIUM,sos
27.91,199.57,5.55,-0.27,0.2,9.86,True,MEDIUM,sos
28.33,209.72,5.01,0.16,-0.29,9.97,True,MEDIUM,sos
28.29,189.8,4.83,0.04,-0.08,10.16,True,MEDIUM,sos
27.07,232.88,4.53,-0.12,-0.08,10.2,True,MEDIUM,sos
27.48,223.34,4.81,0.08,-0.13,9.72,True,MEDIUM,sos
28.32,237.06,4.72,0.34,-0.12,9.76,True,MEDIUM,sos
30.52,247.65,5.18,0.06,-0.02,9.67,True,MEDIUM,sos
31.3,258.96,4.89,0.22,0.12,10.48,True,MEDIUM,sos
31.43,303.07,4.93,-0.31,-0.25,9.85,True,MEDIUM,sos
30.81,306.0,5.01,-0.36,-0.16,10.3,True,MEDIUM,sos
33.87,342.66,4.79,0.16,0.07,9.8,True,MEDIUM,sos
31.62,343.93,4.92,0.07,0.09,9.51,True,MEDIUM,sos
33.01,368.09,4.39,0.15,0.77,10.14,True,MEDIUM,sos
32.83,401.22,4.95,0.15,0.27,10.02,True,MEDIUM,sos
34.07,406.81,5.08,0.37,-0.25,9.28,True,MEDIUM,sos
33.6,428.31,5.18,-0.01,-0.27,10.0,True,MEDIUM,sos
33.8,461.75,4.66,0.32,-0.29,9.75,True,MEDIUM,sos
33.45,465.13,5.28,0.14,-0.37,9.71,True,MEDIUM,sos
36.2,497.77,4.86,-0.26,0.0,10.13,True,MEDIUM,sos
37.0,529.51,5.12,0.3,0.47,10.11,True,MEDIUM,sos
36.82,549.3,5.33,-0.31,0.21,9.6,True,MEDIUM,sos
38.36,574.71,4.95,0.27,-0.13,9.81,True,HIGH,sos
37.62,575.62,4.73,0.15,0.07,9.76,True,MEDIUM,sos
29.12,199.48,5.26,-0.1,-0.35,9.6,False,LOW,combined
28.43,229.1,5.25,-0.51,0.11,9.24,False,LOW,combined
30.27,234.58,7.42,-0.04,0.13,9.85,False,LOW,combined
30.34,247.84,7.23,-0.1,0.18,10.04,False,LOW,combined
28.71,223.86,8.24,-0.32,-0.35,10.0,False,LOW,combined
32.42,273.16,9.48,0.46,0.28,9.85,False,LOW,combined
31.85,276.82,11.1,0.18,0.33,9.77,False,LOW,combined
32.76,320.48,10.49,-0.09,-0.0,9.7,False,LOW,combined
33.01,312.71,11.75,-0.53,0.57,10.42,False,LOW,combined
32.56,337.96,12.58,0.56,-0.11,10.1,False,LOW,combined
36.36,325.27,13.33,0.66,-0.36,9.24,False,LOW,combined
33.36,385.51,13.64,0.37,0.04,9.95,False,LOW,combined
34.69,396.03,14.5,0.04,0.08,9.44,False,LOW,combined
35.05,393.22,16.86,-0.62,-0.13,9.92,False,LOW,combined
37.23,395.91,17.44,0.29,-0.03,9.3,False,LOW,combined
39.44,406.49,18.33,0.33,0.15,10.4,False,MEDIUM,combined
39.05,444.58,19.07,-0.32,-0.05,9.57,False,MEDIUM,combined
38.98,458.17,19.31,-0.4,-0.49,9.4,False,MEDIUM,combined
40.12,458.71,20.69,0.16,-0.36,10.09,False,MEDIUM,combined
40.94,466.05,21.63,0.45,0.34,9.84,False,MEDIUM,combined
39.89,497.11,22.29,0.09,0.08,9.9,False,MEDIUM,combined
42.51,506.5,23.7,-0.1,-0.46,9.36,False,MEDIUM,combined
41.48,508.41,24.47,0.49,0.26,9.94,False,MEDIUM,combined
43.21,542.26,24.66,0.01,-0.39,10.32,False,MEDIUM,combined
43.53,561.25,26.15,-0.09,0.25,9.06,False,MEDIUM,combined
44.52,564.42,25.42,-0.03,0.08,9.94,False,MEDIUM,combined
43.92,593.94,27.2,0.05,-0.16,10.19,False,MEDIUM,combined
44.76,625.26,28.21,0.39,0.24,9.77,False,HIGH,combined
46.63,630.35,29.36,0.41,0.2,9.16,False,HIGH,combined
46.44,665.36,30.17,0.17,-0.32,9.76,True,CRITICAL,combined
46.82,671.03,31.51,0.12,-0.16,9.49,True,CRITICAL,combined
47.45,663.81,32.94,-0.36,0.33,10.0,True,CRITICAL,combined
48.46,684.01,33.18,0.37,-0.21,9.3,True,CRITICAL,combined
49.69,708.23,33.46,0.82,0.43,9.27,True,CRITICAL,combined
49.07,688.45,34.42,-0.05,0.05,9.87,True,CRITICAL,combined
50.1,678.49,34.35,-0.13,0.25,9.86,True,CRITICAL,combined
51.12,755.09,35.88,-0.31,-0.32,9.77,True,CRITICAL,combined
51.19,742.43,36.76,0.16,-0.31,10.18,True,CRITICAL,combined
52.07,762.32,38.07,-0.2,-0.13,9.95,True,CRITICAL,combined
52.54,813.1,38.96,0.16,-0.12,9.71,True,CRITICAL,combined
27.77,182.01,5.05,0.16,-0.26,9.98,False,LOW,fall
28.27,199.35,5.14,0.27,-0.05,9.76,False,LOW,fall
27.65,221.94,4.92,-0.13,0.19,9.72,False,LOW,fall
28.26,192.49,4.96,-0.04,-0.11,9.64,False,LOW,fall
28.54,211.05,4.86,0.13,-0.2,9.62,False,LOW,fall
28.8,181.71,4.97,0.6,0.72,0.66,False,MEDIUM,fall
28.05,193.27,5.69,-0.43,-0.17,1.19,False,MEDIUM,fall
29.31,202.17,5.01,0.37,-0.21,-0.3,False,MEDIUM,fall
27.6,190.87,5.18,25.62,24.38,29.49,False,MEDIUM,fall
27.34,199.5,5.15,19.31,18.81,36.43,False,MEDIUM,fall
27.85,201.52,5.15,6.74,1.72,4.06,False,MEDIUM,fall
28.28,223.16,5.01,7.92,0.73,4.76,False,MEDIUM,fall
29.29,190.11,4.82,6.02,1.33,2.43,False,LOW,fall
27.83,214.07,5.38,6.09,1.66,3.88,False,LOW,fall
28.2,195.17,4.92,6.19,0.99,1.42,False,LOW,fall
27.19,183.35,5.33,7.78,0.88,3.59,False,LOW,fall
27.98,204.79,5.38,5.1,2.1,4.36,False,MEDIUM,fall
27.69,209.16,4.7,6.56,2.17,3.37,False,LOW,fall
28.87,208.15,5.04,6.37,1.12,4.03,False,MEDIUM,fall
28.08,203.52,4.79,6.23,1.62,6.04,False,MEDIUM,fall
28.16,209.41,4.58,0.17,0.15,10.11,False,LOW,fall
29.34,201.49,5.4,-0.44,-0.26,9.43,False,LOW,fall
27.29,202.12,4.69,-0.21,-0.45,9.9,False,LOW,fall
27.01,194.11,4.68,-0.67,0.04,9.59,False,LOW,fall
28.26,207.55,5.4,0.36,-0.3,9.95,False,LOW,fall
27.48,193.92,4.81,0.08,-0.02,9.68,False,LOW,fall
27.98,218.59,5.27,-0.14,0.28,9.84,False,LOW,fall
27.67,200.3,4.6,-0.18,0.29,9.63,False,LOW,fall
28.91,190.37,5.17,0.21,0.04,9.19,False,LOW,fall
27.78,193.95,4.96,-0.01,0.05,9.28,False,LOW,fall
27.59,196.78,4.5,0.04,-0.02,10.01,True,MEDIUM,sos
28.1,210.97,5.2,-0.22,-0.11,9.85,True,MEDIUM,sos
27.17,196.75,4.8,-0.19,0.02,9.8,True,MEDIUM,sos
27.91,189.97,5.53,0.01,0.25,9.78,True,MEDIUM,sos
28.58,206.63,4.9,-0.17,0.2,9.82,True,MEDIUM,sos
29.05,203.28,4.53,-0.03,0.11,9.64,True,MEDIUM,sos
28.61,231.94,4.58,-0.07,-0.68,9.78,True,MEDIUM,sos
30.85,219.48,5.02,-0.29,0.55,9.72,True,MEDIUM,sos
28.12,224.95,5.01,-0.09,0.02,9.9,True,MEDIUM,sos
29.54,266.72,5.01,-0.49,-0.1,9.77,True,MEDIUM,sos
31.61,254.85,5.34,-0.24,0.15,9.29,True,MEDIUM,sos
30.85,333.6,5.03,0.1,0.32,9.68,True,MEDIUM,sos
32.59,358.93,4.42,0.06,-0.05,10.08,True,MEDIUM,sos
31.71,353.04,5.31,0.24,0.12,9.58,True,MEDIUM,sos
30.76,388.23,5.21,0.58,0.11,9.3,True,MEDIUM,sos
35.49,419.22,5.28,-0.21,-0.01,9.92,True,MEDIUM,sos
34.63,409.7,4.37,-0.23,0.12,10.01,True,MEDIUM,sos
35.08,431.42,5.12,-0.15,-0.54,9.35,True,MEDIUM,sos
34.58,472.17,5.21,-0.06,-0.11,9.79,True,MEDIUM,sos
35.26,483.32,4.45,0.16,-0.31,10.04,True,MEDIUM,sos
34.98,443.09,5.3,0.07,-0.0,9.56,True,MEDIUM,sos
34.95,537.73,4.83,-0.51,0.14,10.38,True,MEDIUM,sos
37.74,551.78,5.03,-0.43,0.38,9.64,True,MEDIUM,sos
36.48,547.77,5.3,-0.39,0.25,10.16,True,MEDIUM,sos
36.94,592.64,4.89,-0.22,-0.1,10.14,True,MEDIUM,sos
26.82,175.6,5.18,0.22,0.59,9.71,False,LOW,combined
29.29,232.32,5.51,-0.26,-0.41,9.19,False,LOW,combined
28.9,225.94,6.89,0.27,0.3,9.76,False,LOW,combined
28.31,251.79,7.04,0.09,-0.46,10.49,False,LOW,combined
30.09,270.16,8.37,-0.06,0.01,9.15,False,LOW,combined
30.82,270.35,9.36,0.21,0.34,9.51,False,LOW,combined
30.14,279.09,11.02,0.25,-0.11,9.49,False,LOW,combined
32.09,299.04,10.61,0.08,0.13,10.01,False,LOW,combined
32.55,330.24,11.98,0.7,0.18,10.15,False,LOW,combined
34.36,320.52,13.31,0.14,-0.2,9.56,False,LOW,combined
34.42,360.46,13.67,-0.03,-0.39,9.41,False,LOW,combined
34.79,361.96,14.6,0.2,0.21,9.1,False,LOW,combined
35.04,400.85,15.89,-0.36,-0.03,9.87,False,LOW,combined
35.32,404.15,16.81,0.18,0.16,9.76,False,LOW,combined
36.98,378.43,16.83,-0.33,-0.16,9.77,False,LOW,combined
38.01,436.73,18.61,0.14,-0.04,10.32,False,MEDIUM,combined
37.92,427.83,17.98,-0.2,-0.43,10.0,False,LOW,combined
37.14,439.52,20.06,0.04,0.09,9.72,False,LOW,combined
38.59,469.37,21.75,-0.02,-0.61,10.17,False,MEDIUM,combined
40.52,474.84,21.49,0.25,-0.04,9.86,False,MEDIUM,combined
39.63,514.99,21.99,0.58,0.44,9.57,False,MEDIUM,combined
41.87,505.55,23.58,0.03,-0.18,10.06,False,MEDIUM,combined
40.72,524.99,23.89,-0.17,-0.12,9.39,False,MEDIUM,combined
43.22,532.19,24.48,0.21,-0.07,9.97,False,MEDIUM,combined
45.0,558.76,26.37,-0.11,-0.34,9.45,False,HIGH,combined
44.92,571.27,27.35,0.33,0.31,9.76,False,MEDIUM,combined
44.57,605.53,27.37,0.05,-0.45,9.87,False,HIGH,combined
44.81,612.37,27.28,0.26,-0.08,10.26,False,HIGH,combined
44.24,621.05,29.63,-0.42,-0.24,9.99,False,HIGH,combined
46.5,620.26,30.51,-0.37,0.2,9.67,True,CRITICAL,combined
48.22,630.94,30.97,0.07,-0.41,10.0,True,CRITICAL,combined
47.06,644.17,32.25,0.55,-0.19,9.63,True,CRITICAL,combined
49.12,679.22,33.18,-0.09,0.2,9.81,True,CRITICAL,combined
49.89,683.33,33.79,-0.0,0.07,9.72,True,CRITICAL,combined
49.44,687.59,34.61,0.26,0.2,9.68,True,CRITICAL,combined
51.28,717.62,34.99,0.12,-0.1,10.07,True,CRITICAL,combined
50.98,729.14,35.96,0.13,-0.17,9.86,True,CRITICAL,combined
50.83,757.23,37.18,0.11,-0.18,9.94,True,CRITICAL,combined
51.74,760.19,38.03,-0.07,0.16,9.67,True,CRITICAL,combined
51.76,792.07,38.66,-0.04,0.29,9.98,True,CRITICAL,combined
28.34,200.17,5.15,-0.34,-0.04,9.63,False,LOW,fall
28.57,209.74,5.04,0.28,-0.48,9.85,False,LOW,fall
27.56,192.47,5.26,-0.08,-0.33,10.14,False,LOW,fall
28.46,198.08,5.0,0.16,-0.07,10.21,False,LOW,fall
28.33,198.22,4.59,-0.41,0.12,9.81,False,LOW,fall
28.36,204.75,5.31,0.04,0.15,1.33,False,MEDIUM,fall
27.67,206.43,5.58,-0.64,0.22,0.97,False,MEDIUM,fall
28.09,204.94,5.37,0.43,0.24,0.79,False,MEDIUM,fall
27.95,197.42,5.04,30.41,25.85,20.94,False,MEDIUM,fall
28.46,194.79,4.96,20.6,18.86,40.77,False,MEDIUM,fall
28.2,190.23,4.47,7.03,1.72,5.21,False,MEDIUM,fall
28.07,201.26,5.24,4.04,2.53,3.57,False,LOW,fall
28.59,211.21,4.8,5.64,1.44,4.34,False,MEDIUM,fall
27.96,205.16,4.73,6.36,1.83,2.7,False,LOW,fall
28.25,203.54,4.94,7.21,0.8,2.84,False,LOW,fall
27.86,202.82,5.38,6.05,0.99,4.09,False,MEDIUM,fall
28.54,206.52,4.69,7.16,1.56,4.98,False,MEDIUM,fall
27.6,188.71,5.26,6.66,1.82,5.39,False,MEDIUM,fall
28.75,214.32,5.66,6.4,1.65,4.36,False,MEDIUM,fall
27.79,199.75,5.22,7.53,0.5,3.67,False,LOW,fall
29.03,180.68,4.64,0.01,-0.6,10.14,False,LOW,fall
28.32,186.13,5.25,0.05,0.05,9.82,False,LOW,fall
28.23,208.16,5.53,-0.15,-0.21,9.93,False,LOW,fall
28.28,202.18,4.91,-0.85,0.24,10.27,False,LOW,fall
28.21,214.7,5.04,0.35,0.08,9.67,False,LOW,fall
27.94,226.52,4.7,0.01,0.27,9.4,False,LOW,fall
27.49,190.8,5.86,-0.25,-0.71,9.73,False,LOW,fall
28.17,197.57,5.17,0.12,-0.11,9.54,False,LOW,fall
27.55,201.16,4.94,-0.42,-0.0,9.89,False,LOW,fall
27.1,195.33,4.67,-0.02,-0.27,9.7,False,LOW,fall
28.57,201.23,5.25,0.01,0.16,9.71,True,MEDIUM,sos
27.31,220.5,4.59,0.09,-0.06,10.15,True,MEDIUM,sos
27.65,208.89,5.17,-0.02,0.0,9.64,True,MEDIUM,sos
28.03,196.04,5.19,0.35,0.36,9.95,True,MEDIUM,sos
28.38,217.3,4.75,-0.08,0.14,9.85,True,MEDIUM,sos
28.08,210.22,5.01,0.46,-0.29,9.39,True,MEDIUM,sos
29.7,253.77,5.05,0.19,-0.06,9.94,True,MEDIUM,sos
28.83,261.72,4.54,0.68,0.03,9.97,True,MEDIUM,sos
29.95,295.86,5.26,-0.08,0.06,9.8,True,MEDIUM,sos
30.67,260.09,5.45,-0.41,-0.62,9.25,True,MEDIUM,sos
31.33,299.39,5.53,-0.12,0.17,9.97,True,MEDIUM,sos
30.72,324.7,5.23,0.31,0.21,9.79,True,MEDIUM,sos
31.2,330.58,5.11,0.34,0.15,9.71,True,MEDIUM,sos
32.66,361.7,5.23,0.28,-0.6,10.26,True,MEDIUM,sos
31.97,386.38,5.37,-0.02,0.01,10.08,True,MEDIUM,sos
33.92,404.47,5.08,0.03,-0.17,10.12,True,MEDIUM,sos
32.22,451.16,4.65,-0.28,0.38,9.91,True,MEDIUM,sos
33.58,465.46,4.7,-0.01,-0.04,9.81,True,MEDIUM,sos
35.15,433.2,5.4,0.05,-0.1,9.84,True,MEDIUM,sos
35.85,462.52,5.3,0.05,-0.15,9.36,True,MEDIUM,sos
35.84,482.39,5.34,0.58,-0.19,9.6,True,MEDIUM,sos
34.48,555.98,4.83,-0.23,0.36,9.6,True,MEDIUM,sos
37.08,548.75,4.75,-0.15,-0.2,10.21,True,MEDIUM,sos
35.89,527.01,4.88,-0.19,-0.34,9.6,True,MEDIUM,sos
37.61,599.44,4.81,-0.12,-0.07,10.13,True,MEDIUM,sos
26.84,217.5,4.82,0.09,-0.68,9.67,False,LOW,combined
28.34,208.11,5.9,-0.41,0.02,9.5,False,LOW,combined
28.45,240.1,6.33,0.06,-0.05,9.82,False,LOW,combined
30.43,232.23,7.32,0.39,0.23,9.74,False,LOW,combined
31.71,266.81,8.32,0.29,0.11,9.87,False,LOW,combined
32.8,283.33,8.78,-0.22,-0.09,9.62,False,LOW,combined
30.63,291.04,9.74,0.28,0.44,9.6,False,LOW,combined
34.44,314.66,10.92,0.08,0.07,9.97,False,LOW,combined
32.71,328.92,11.79,0.05,0.09,9.43,False,LOW,combined
33.48,341.46,13.76,0.15,-0.14,9.82,False,LOW,combined
33.21,356.69,14.68,0.55,0.06,9.96,False,LOW,combined
32.67,360.2,14.67,0.44,0.7,9.78,False,LOW,combined
34.84,390.11,16.09,-0.13,0.3,10.65,False,LOW,combined
35.37,387.05,16.16,0.03,-0.13,9.56,False,LOW,combined
36.71,378.55,16.88,0.28,-0.04,9.98,False,LOW,combined
38.59,436.65,17.79,0.29,-0.16,9.34,False,MEDIUM,combined
36.86,430.73,18.64,-0.34,0.08,10.12,False,LOW,combined
39.51,447.05,21.34,0.11,0.11,10.21,False,MEDIUM,combined
39.97,466.37,20.44,0.11,0.19,9.86,False,MEDIUM,combined
39.6,467.73,22.8,0.29,0.63,9.89,False,MEDIUM,combined
36.49,503.36,23.09,0.18,0.32,10.19,False,LOW,combined
38.85,535.64,23.69,-0.3,0.08,9.57,False,MEDIUM,combined
41.59,496.87,24.78,0.23,-0.04,10.03,False,MEDIUM,combined
41.86,536.99,25.87,-0.24,0.02,10.26,False,MEDIUM,combined
43.32,548.04,25.89,0.24,-0.37,10.27,False,MEDIUM,combined
43.49,579.67,26.32,-0.01,0.35,10.02,False,MEDIUM,combined
43.59,590.8,27.8,0.13,0.41,9.69,False,MEDIUM,combined
45.26,624.48,28.41,0.12,0.21,9.66,False,HIGH,combined
45.48,619.15,29.21,-0.24,-0.5,9.58,False,HIGH,combined
46.58,647.39,30.47,0.32,0.42,9.18,True,CRITICAL,combined
45.66,649.49,32.36,-0.47,0.25,9.25,True,CRITICAL,combined
48.46,669.36,32.25,-0.21,0.02,9.95,True,CRITICAL,combined
48.28,670.85,31.96,0.49,0.23,9.49,True,CRITICAL,combined
47.85,692.86,33.17,-0.07,-0.09,9.31,True,CRITICAL,combined
50.64,710.64,34.87,0.6,0.29,9.5,True,CRITICAL,combined
50.37,724.62,35.64,-0.01,-0.09,9.55,True,CRITICAL,combined
50.1,723.95,37.55,0.07,0.25,10.03,True,CRITICAL,combined
52.95,779.63,37.44,0.36,0.27,9.52,True,CRITICAL,combined
53.32,789.51,39.06,0.29,0.35,10.06,True,CRITICAL,combined
53.91,779.15,39.01,-0.21,0.38,10.35,True,CRITICAL,combined
27.69,213.98,5.15,0.2,0.22,10.38,False,LOW,fall
27.14,198.76,4.63,-0.15,-0.37,10.33,False,LOW,fall
27.55,216.69,4.7,-0.24,0.31,9.93,False,LOW,fall
28.08,197.46,4.45,-0.25,0.15,9.6,False,LOW,fall
27.34,195.4,4.67,0.29,0.01,9.58,False,LOW,fall
28.46,197.6,5.08,0.59,0.15,0.02,False,MEDIUM,fall
28.27,207.1,4.92,0.61,0.13,-0.01,False,MEDIUM,fall
28.37,201.25,5.0,-0.0,0.51,1.28,False,MEDIUM,fall
27.36,201.52,4.72,20.72,13.15,38.02,False,MEDIUM,fall
28.03,200.21,5.65,29.15,12.81,48.84,False,MEDIUM,fall
27.84,213.76,5.05,6.18,2.17,4.3,False,MEDIUM,fall
28.22,198.25,5.14,6.11,1.39,4.09,False,MEDIUM,fall
27.83,209.94,4.97,5.86,1.07,4.38,False,MEDIUM,fall
28.2,194.55,4.88,5.99,0.81,4.57,False,MEDIUM,fall
28.06,210.51,4.87,4.28,1.62,4.83,False,MEDIUM,fall
28.28,217.51,5.17,4.98,2.0,3.92,False,LOW,fall
28.27,206.6,5.34,7.95,1.59,4.36,False,MEDIUM,fall
28.53,206.37,4.55,6.01,1.97,3.22,False,LOW,fall
28.11,199.55,5.2,6.35,0.42,4.66,False,MEDIUM,fall
27.94,205.98,4.82,5.61,1.54,2.53,False,LOW,fall
27.46,193.81,5.23,-0.07,-0.09,10.12,False,LOW,fall
28.64,194.75,5.3,0.01,0.69,9.59,False,LOW,fall
28.2,198.46,4.57,-0.18,-0.06,10.21,False,LOW,fall
27.8,186.91,4.91,0.25,0.3,9.91,False,LOW,fall
27.43,191.61,4.92,-0.73,-0.34,9.99,False,LOW,fall
29.27,194.89,4.98,0.07,-0.29,9.47,False,LOW,fall
28.07,205.66,5.27,-0.02,-0.01,9.81,False,LOW,fall
28.46,185.04,4.96,0.79,-0.12,9.42,False,LOW,fall
27.51,198.87,4.95,-0.01,-0.03,9.67,False,LOW,fall
28.78,212.32,4.94,-0.41,-0.11,9.42,False,LOW,fall
28.62,189.01,4.98,0.06,-0.04,9.85,True,MEDIUM,sos
27.14,217.28,5.3,-0.09,0.05,9.8,True,MEDIUM,sos
28.08,222.54,4.67,-0.01,0.58,9.73,True,MEDIUM,sos
27.81,213.62,5.23,-0.02,0.11,9.84,True,MEDIUM,sos
27.92,226.42,5.1,0.11,0.26,9.69,True,MEDIUM,sos
28.91,222.4,5.35,-0.04,-0.05,10.28,True,MEDIUM,sos
27.59,233.46,5.33,0.11,0.25,10.03,True,MEDIUM,sos
29.43,205.99,5.41,-0.6,0.44,9.6,True,MEDIUM,sos
29.43,261.77,5.38,-0.42,0.23,10.27,True,MEDIUM,sos
29.29,271.15,5.21,0.26,-0.2,10.52,True,MEDIUM,sos
29.75,336.42,5.1,-0.3,-0.14,9.89,True,MEDIUM,sos
32.0,325.14,4.71,-0.62,-0.32,9.8,True,MEDIUM,sos
31.41,324.2,5.17,-0.31,-0.36,9.82,True,MEDIUM,sos
32.07,363.31,4.91,-0.02,0.4,10.12,True,MEDIUM,sos
32.01,353.26,4.83,-0.14,-0.24,9.45,True,MEDIUM,sos
33.1,366.32,4.97,0.28,-0.05,9.44,True,MEDIUM,sos
32.95,401.34,5.76,0.27,0.01,9.3,True,MEDIUM,sos
35.57,427.3,5.58,0.08,0.08,9.58,True,MEDIUM,sos
34.03,450.61,5.14,-0.16,-0.01,9.72,True,MEDIUM,sos
33.95,469.88,4.12,-0.21,0.12,10.15,True,MEDIUM,sos
34.67,520.73,4.6,0.11,0.04,9.68,True,MEDIUM,sos
36.73,521.81,4.88,0.35,-0.43,9.77,True,MEDIUM,sos
36.23,577.73,5.01,-0.49,-0.13,10.04,True,MEDIUM,sos
36.68,550.33,5.23,-0.18,0.31,10.06,True,MEDIUM,sos
37.35,604.41,5.26,-0.05,0.12,9.53,True,HIGH,sos
27.9,196.66,4.93,0.5,0.14,10.01,False,LOW,combined
29.94,220.78,5.85,-0.14,-0.55,9.78,False,LOW,combined
28.15,234.12,7.17,-0.46,0.01,9.85,False,LOW,combined
29.56,229.15,7.44,0.36,0.23,9.8,False,LOW,combined
29.3,271.65,8.32,-0.57,-0.36,9.63,False,LOW,combined
32.39,276.65,9.35,-0.1,-0.67,10.08,False,LOW,combined
33.65,294.41,10.98,-0.21,0.11,10.08,False,LOW,combined
33.47,290.01,11.78,-0.19,-0.27,9.63,False,LOW,combined
34.3,301.82,11.91,0.09,0.1,9.86,False,LOW,combined
34.42,345.42,11.89,-0.13,-0.14,10.13,False,LOW,combined
32.64,350.86,14.15,-0.14,0.44,9.78,False,LOW,combined
33.6,353.11,14.57,-0.28,-0.48,10.24,False,LOW,combined
35.45,364.44,15.67,-0.11,-0.11,9.41,False,LOW,combined
37.0,401.47,16.54,0.33,0.25,9.68,False,LOW,combined
37.07,429.25,17.83,-0.73,-0.3,9.95,False,LOW,combined
38.12,441.79,17.88,0.17,0.71,9.97,False,MEDIUM,combined
38.62,430.83,19.09,0.01,-0.43,9.86,False,MEDIUM,combined
38.9,442.96,19.8,0.35,0.4,9.87,False,MEDIUM,combined
39.86,459.59,20.81,-0.17,-0.24,9.82,False,MEDIUM,combined
39.51,514.4,22.33,-0.19,-0.1,9.48,False,MEDIUM,combined
40.4,502.98,22.91,0.48,0.27,10.05,False,MEDIUM,combined
42.76,507.5,23.81,-0.0,-0.38,9.76,False,MEDIUM,combined
42.43,553.92,24.41,0.29,0.39,9.29,False,MEDIUM,combined
42.12,538.68,25.5,0.45,-0.51,9.75,False,MEDIUM,combined
42.48,521.03,26.68,0.19,0.24,9.83,False,MEDIUM,combined
43.5,564.5,26.52,-0.15,0.43,9.79,False,MEDIUM,combined
44.27,569.43,27.07,0.14,-0.31,10.32,False,MEDIUM,combined
45.4,585.07,28.45,0.29,-0.33,9.79,False,HIGH,combined
45.48,606.48,29.94,-0.36,0.05,9.79,False,HIGH,combined
45.98,613.53,31.82,0.32,-0.19,10.2,True,CRITICAL,combined
45.7,652.9,30.86,-0.02,0.06,10.04,True,CRITICAL,combined
47.15,666.71,32.34,0.36,-0.2,10.06,True,CRITICAL,combined
47.48,704.54,33.14,0.12,-0.11,9.85,True,CRITICAL,combined
49.6,712.96,33.22,0.24,0.58,9.77,True,CRITICAL,combined
50.77,716.03,34.13,-0.05,0.44,9.87,True,CRITICAL,combined
48.98,722.21,35.34,-0.25,0.44,10.05,True,CRITICAL,combined
51.57,737.68,37.03,-0.06,0.3,9.39,True,CRITICAL,combined
51.66,784.22,37.75,0.45,-0.1,9.79,True,CRITICAL,combined
50.92,792.69,38.87,0.36,-0.05,9.65,True,CRITICAL,combined
52.63,774.87,38.88,0.28,-0.15,9.44,True,CRITICAL,combined
26.68,189.99,5.12,0.07,0.18,9.55,False,LOW,fall
27.95,207.45,4.33,-0.09,-0.04,9.61,False,LOW,fall
28.54,200.89,5.04,0.04,0.33,9.79,False,LOW,fall
27.44,190.55,4.63,0.16,-0.08,9.97,False,LOW,fall
27.91,204.12,4.47,-0.06,0.03,9.84,False,LOW,fall
27.48,187.08,5.62,0.46,1.15,0.77,False,MEDIUM,fall
28.52,194.21,5.17,-0.16,-0.43,1.28,False,MEDIUM,fall
27.44,196.46,4.87,-0.1,-0.24,0.35,False,MEDIUM,fall
27.98,200.27,5.03,25.62,20.57,35.11,False,MEDIUM,fall
28.02,191.38,4.59,27.52,21.76,37.58,False,MEDIUM,fall
27.82,200.17,5.46,5.98,1.47,1.86,False,LOW,fall
28.13,200.02,4.92,5.62,0.94,6.49,False,MEDIUM,fall
28.78,196.77,5.12,5.29,1.12,4.56,False,MEDIUM,fall
26.49,198.76,4.88,4.58,2.23,4.46,False,MEDIUM,fall
28.21,209.32,5.38,5.26,1.81,4.28,False,MEDIUM,fall
28.14,191.58,5.27,6.58,1.02,3.52,False,LOW,fall
27.93,216.16,4.81,4.35,2.12,4.52,False,MEDIUM,fall
27.87,194.64,4.68,6.04,1.35,4.53,False,MEDIUM,fall
27.96,199.96,4.78,5.32,1.38,5.44,False,MEDIUM,fall
28.5,192.46,5.21,6.54,1.81,5.68,False,MEDIUM,fall
27.81,181.07,5.06,0.29,0.02,10.23,False,LOW,fall
28.11,192.17,4.92,0.02,0.33,10.14,False,LOW,fall
28.13,214.24,5.18,-0.11,0.08,9.34,False,LOW,fall
28.67,197.16,4.17,0.52,0.03,10.13,False,LOW,fall
28.05,181.58,4.66,-0.15,0.44,9.81,False,LOW,fall
27.47,192.96,5.09,-0.43,-0.07,10.17,False,LOW,fall
28.34,199.72,5.1,0.21,-0.48,9.32,False,LOW,fall
28.15,194.53,4.82,-0.13,-0.46,9.49,False,LOW,fall
27.59,203.39,5.3,0.05,-0.46,9.79,False,LOW,fall
27.79,194.79,5.35,0.26,0.22,9.79,False,LOW,fall
27.6,196.1,5.27,-0.14,-0.0,9.86,True,MEDIUM,sos
28.84,188.88,4.79,-0.06,0.16,9.88,True,MEDIUM,sos
28.75,201.44,4.73,-0.08,-0.13,10.09,True,MEDIUM,sos
27.65,205.69,4.87,-0.08,-0.33,9.59,True,MEDIUM,sos
28.33,202.95,5.48,0.19,0.25,9.71,True,MEDIUM,sos
28.43,176.61,4.73,0.06,-0.35,9.39,True,MEDIUM,sos
27.04,236.05,5.0,0.13,0.51,9.76,True,MEDIUM,sos
30.3,220.89,5.22,-0.39,-0.18,9.86,True,MEDIUM,sos
29.69,261.3,4.74,-0.15,-0.5,10.11,True,MEDIUM,sos
29.8,285.9,5.34,0.25,-0.02,9.74,True,MEDIUM,sos
27.24,296.95,5.11,-0.36,0.04,9.74,True,MEDIUM,sos
31.16,312.52,5.05,-0.47,0.29,9.51,True,MEDIUM,sos
31.42,338.03,5.43,-0.22,-0.63,10.12,True,MEDIUM,sos
32.53,352.97,5.04,-0.22,-0.03,10.29,True,MEDIUM,sos
32.83,372.73,4.98,0.34,0.18,9.31,True,MEDIUM,sos
32.67,361.2,5.08,0.43,-0.27,9.65,True,MEDIUM,sos
35.09,448.54,4.57,-0.14,0.25,9.37,True,MEDIUM,sos
33.61,437.55,5.2,-0.28,0.11,9.63,True,MEDIUM,sos
34.73,422.83,4.99,0.31,-0.11,9.22,True,MEDIUM,sos
33.44,474.66,4.89,-0.39,0.3,9.67,True,MEDIUM,sos
35.27,486.2,4.62,-0.14,0.32,9.82,True,MEDIUM,sos
35.98,505.99,4.77,-0.54,0.52,9.5,True,MEDIUM,sos
36.6,526.65,5.05,0.29,0.07,10.22,True,MEDIUM,sos
36.83,583.85,5.87,-0.35,0.24,9.92,True,MEDIUM,sos
38.14,587.9,5.35,0.1,-0.44,9.44,True,HIGH,sos
28.56,206.82,5.29,0.28,-0.36,10.33,False,LOW,combined
29.35,227.51,5.81,-0.02,0.18,9.76,False,LOW,combined
27.98,210.4,7.13,-0.05,-0.37,10.21,False,LOW,combined
30.19,235.08,7.95,-0.11,0.18,9.83,False,LOW,combined
33.11,255.92,8.48,-0.36,0.39,10.0,False,LOW,combined
31.62,276.95,9.84,-0.33,-0.08,9.48,False,LOW,combined
32.89,290.36,10.45,0.06,0.07,9.45,False,LOW,combined
34.63,297.07,11.89,0.02,-0.16,9.36,False,LOW,combined
32.98,330.1,12.27,0.09,-0.04,9.93,False,LOW,combined
33.25,326.92,12.91,-0.25,0.07,9.7,False,LOW,combined
34.11,357.31,14.14,-0.78,0.18,9.57,False,LOW,combined
34.52,381.08,15.28,0.09,0.04,9.56,False,LOW,combined
34.79,357.65,16.07,0.31,-0.11,9.71,False,LOW,combined
36.2,369.28,16.45,-0.26,-0.06,9.71,False,LOW,combined
37.03,400.73,16.27,0.21,-0.4,9.98,False,LOW,combined
36.3,423.36,18.57,0.42,0.21,9.54,False,LOW,combined
38.16,411.09,19.45,0.17,0.39,10.1,False,MEDIUM,combined
38.41,443.2,19.71,0.25,0.17,9.88,False,MEDIUM,combined
39.2,465.32,21.44,-0.24,-0.02,9.41,False,MEDIUM,combined
39.48,508.62,20.82,0.32,-0.27,9.85,False,MEDIUM,combined
39.18,496.71,22.25,0.12,0.26,10.13,False,MEDIUM,combined
40.72,506.9,24.38,0.21,0.23,9.73,False,MEDIUM,combined
42.26,508.7,23.14,-0.39,0.52,9.34,False,MEDIUM,combined
43.8,526.33,24.45,0.35,0.38,9.72,False,MEDIUM,combined
42.21,558.82,26.33,0.17,0.0,9.51,False,MEDIUM,combined
43.94,570.09,26.48,0.26,0.11,10.14,False,MEDIUM,combined
46.36,612.05,26.5,-0.37,-0.46,9.57,False,HIGH,combined
46.57,620.95,27.66,-0.33,0.18,9.25,False,HIGH,combined
46.35,622.72,30.0,0.09,-0.14,9.7,False,HIGH,combined
47.11,639.2,30.55,-0.59,0.08,9.46,True,CRITICAL,combined
46.71,663.49,31.08,0.18,0.25,9.54,True,CRITICAL,combined
46.15,666.62,32.11,0.4,0.13,9.84,True,CRITICAL,combined
49.73,672.0,32.89,-0.15,-0.19,9.94,True,CRITICAL,combined
47.86,688.49,32.47,0.07,-0.36,9.32,True,CRITICAL,combined
51.57,693.64,34.29,0.1,-0.1,9.31,True,CRITICAL,combined
52.19,746.71,35.82,-0.04,0.16,9.65,True,CRITICAL,combined
50.12,757.7,35.54,0.03,-0.25,9.93,True,CRITICAL,combined
50.87,762.42,37.87,0.01,-0.02,9.84,True,CRITICAL,combined
52.01,750.98,37.86,0.08,-0.37,9.91,True,CRITICAL,combined
52.2,809.12,39.91,-0.49,-0.44,10.36,True,CRITICAL,combined
27.35,205.64,4.49,0.14,0.03,9.81,False,LOW,fall
27.54,211.37,4.84,0.28,-0.22,10.01,False,LOW,fall
27.61,211.55,5.14,-0.05,0.32,9.82,False,LOW,fall
28.72,196.54,5.55,0.25,-0.23,9.66,False,LOW,fall
27.23,202.11,5.36,-0.07,0.13,9.79,False,LOW,fall
28.23,198.06,4.73,0.18,0.11,0.39,False,MEDIUM,fall
29.14,210.97,5.07,0.15,-0.29,0.17,False,MEDIUM,fall
27.87,211.35,5.29,-0.16,-0.61,1.69,False,MEDIUM,fall
27.93,191.94,4.85,19.3,28.06,32.82,False,MEDIUM,fall
28.2,195.92,5.13,25.9,20.79,32.82,False,MEDIUM,fall
27.6,190.25,5.31,5.55,1.35,3.96,False,LOW,fall
28.61,183.95,4.82,5.48,1.24,4.79,False,MEDIUM,fall
27.75,212.94,4.91,6.07,1.54,3.97,False,LOW,fall
27.92,181.27,5.09,7.76,1.96,3.41,False,LOW,fall
27.14,195.08,5.06,7.97,1.42,4.62,False,MEDIUM,fall
27.15,203.53,4.99,6.45,2.0,4.48,False,MEDIUM,fall
29.06,183.54,5.59,5.58,1.65,3.77,False,LOW,fall
27.81,210.36,5.32,7.84,1.33,4.37,False,MEDIUM,fall
27.83,196.22,4.28,6.92,1.63,4.25,False,MEDIUM,fall
28.03,203.16,5.36,5.87,1.15,4.76,False,MEDIUM,fall
27.93,194.78,5.23,-0.32,-0.23,9.94,False,LOW,fall
28.22,200.97,5.12,0.28,-0.13,10.05,False,LOW,fall
28.23,199.49,5.37,0.2,0.58,10.34,False,LOW,fall
27.89,199.33,4.98,0.34,0.3,10.57,False,LOW,fall
27.51,208.45,5.3,-0.02,-0.45,9.92,False,LOW,fall
28.01,211.51,5.04,-0.16,-0.01,9.85,False,LOW,fall
28.1,211.61,4.32,0.19,0.29,9.63,False,LOW,fall
27.1,198.96,4.77,-0.41,-0.59,9.96,False,LOW,fall
27.96,201.78,4.95,0.44,0.39,10.03,False,LOW,fall
27.64,173.98,4.82,-0.15,0.17,10.32,False,LOW,fall
28.92,196.07,5.06,0.05,0.12,9.85,True,MEDIUM,sos
27.52,195.31,5.06,0.24,-0.31,9.75,True,MEDIUM,sos
27.15,206.48,4.72,0.28,0.07,10.06,True,MEDIUM,sos
27.06,210.94,5.15,-0.72,0.11,9.8,True,MEDIUM,sos
27.67,183.26,5.06,-0.51,-0.02,9.74,True,MEDIUM,sos
28.61,216.57,4.84,-0.15,-0.1,9.83,True,MEDIUM,sos
28.55,229.44,4.66,0.27,-0.05,10.33,True,MEDIUM,sos
29.93,236.73,4.96,-0.17,0.23,9.54,True,MEDIUM,sos
29.26,238.45,5.5,0.01,0.38,9.51,True,MEDIUM,sos
30.79,314.66,4.58,-0.29,-0.09,9.44,True,MEDIUM,sos
30.13,309.19,4.95,-0.41,-0.0,9.65,True,MEDIUM,sos
30.22,311.38,4.87,-0.55,0.52,10.14,True,MEDIUM,sos
33.19,318.72,5.39,0.51,0.04,9.43,True,MEDIUM,sos
32.02,328.16,4.96,0.78,0.13,9.42,True,MEDIUM,sos
33.75,372.84,5.15,-0.25,0.27,9.75,True,MEDIUM,sos
31.31,429.04,4.8,-0.21,0.35,9.67,True,MEDIUM,sos
34.1,419.26,5.27,0.06,-0.04,9.7,True,MEDIUM,sos
35.36,470.3,5.1,-0.65,-0.01,9.29,True,MEDIUM,sos
34.71,493.54,4.86,0.02,-0.26,9.56,True,MEDIUM,sos
34.5,454.22,5.12,-0.03,-0.09,10.28,True,MEDIUM,sos
35.84,509.3,5.14,-0.04,-0.54,9.92,True,MEDIUM,sos
36.05,556.71,5.72,-0.27,-0.66,9.52,True,MEDIUM,sos
34.98,560.87,4.56,0.11,0.29,10.03,True,MEDIUM,sos
36.38,546.99,4.62,0.25,-0.27,9.56,True,MEDIUM,sos
36.46,599.9,5.3,-0.04,0.07,9.71,True,MEDIUM,sos
28.47,197.25,5.39,-0.31,-0.17,9.76,False,LOW,combined
27.67,257.65,5.44,0.32,0.36,9.82,False,LOW,combined
29.3,242.09,6.55,-0.47,0.33,9.56,False,LOW,combined
27.94,212.88,7.63,-0.09,0.06,9.57,False,LOW,combined
31.87,267.93,8.28,0.28,-0.14,10.16,False,LOW,combined
32.8,272.61,9.7,-0.58,0.07,10.26,False,LOW,combined
30.86,290.66,11.13,0.44,-0.07,10.34,False,LOW,combined
33.55,300.41,10.89,0.45,-0.47,9.83,False,LOW,combined
32.93,321.73,12.14,0.13,0.18,10.07,False,LOW,combined
33.73,348.09,13.05,-0.17,-0.24,9.66,False,LOW,combined
33.79,343.97,14.38,-0.04,-0.47,9.58,False,LOW,combined
34.09,366.65,15.5,0.1,0.11,10.37,False,LOW,combined
35.41,388.74,16.2,0.04,-0.06,9.51,False,LOW,combined
35.44,384.73,16.81,-0.01,0.08,9.85,False,LOW,combined
36.04,406.0,16.78,0.19,-0.43,9.56,False,LOW,combined
38.63,403.0,18.37,-0.42,0.21,9.77,False,MEDIUM,combined
37.61,437.22,18.23,0.14,-0.24,9.89,False,LOW,combined
38.66,440.4,19.64,-0.05,-0.2,9.82,False,MEDIUM,combined
38.89,472.23,21.0,-0.2,-0.6,9.73,False,MEDIUM,combined
42.03,453.61,21.79,0.23,-0.3,9.89,False,MEDIUM,combined
41.91,507.8,22.0,0.11,-0.13,9.8,False,MEDIUM,combined
41.35,500.69,23.08,0.14,-0.15,10.24,False,MEDIUM,combined
42.02,528.91,24.82,-0.43,0.41,9.92,False,MEDIUM,combined
44.08,543.35,25.2,0.24,-0.41,9.83,False,MEDIUM,combined
44.67,556.16,26.65,0.31,0.25,9.93,False,MEDIUM,combined
43.15,545.39,26.41,0.01,-0.12,9.95,False,MEDIUM,combined
44.12,592.06,27.7,-0.86,0.39,9.61,False,MEDIUM,combined
46.98,600.2,28.87,-0.27,0.53,9.16,False,HIGH,combined
44.52,617.56,29.29,0.28,0.12,9.68,False,HIGH,combined
46.52,647.08,31.16,-0.72,0.08,9.55,True,CRITICAL,combined
46.98,665.44,30.83,0.17,-0.1,10.14,True,CRITICAL,combined
47.48,645.84,31.98,-0.14,0.19,10.29,True,CRITICAL,combined
46.26,692.58,33.43,0.28,-0.41,9.96,True,CRITICAL,combined
48.97,686.42,34.52,-0.8,0.34,10.57,True,CRITICAL,combined
47.49,706.68,34.98,-0.28,0.52,9.75,True,CRITICAL,combined
51.58,741.48,35.8,0.19,-0.05,9.86,True,CRITICAL,combined
51.06,763.01,36.16,0.42,0.1,9.61,True,CRITICAL,combined
50.47,757.3,37.52,-0.11,0.34,9.65,True,CRITICAL,combined
52.2,783.65,37.53,0.47,0.07,10.19,True,CRITICAL,combined
52.51,782.61,40.0,-0.25,0.19,9.24,True,CRITICAL,combined
28.87,200.38,5.09,0.24,-0.29,9.77,False,LOW,fall
27.82,190.18,4.8,-0.32,0.25,9.82,False,LOW,fall
28.79,206.71,4.66,0.09,-0.18,9.57,False,LOW,fall
28.41,211.48,4.59,-0.26,0.36,10.08,False,LOW,fall
28.63,201.05,4.74,-0.03,-0.08,10.08,False,LOW,fall
27.95,201.57,5.36,0.37,0.39,1.1,False,MEDIUM,fall
27.74,199.63,4.79,-1.12,-0.22,-0.3,False,MEDIUM,fall
27.77,204.25,4.84,0.14,0.71,-0.31,False,MEDIUM,fall
27.47,185.34,4.86,22.87,26.36,20.34,False,MEDIUM,fall
27.35,195.52,4.44,32.15,24.09,32.93,False,MEDIUM,fall
28.61,193.9,4.98,3.05,2.25,3.17,False,LOW,fall
28.0,211.34,4.86,6.12,2.1,1.93,False,LOW,fall
27.99,214.84,5.01,8.1,2.05,5.55,False,MEDIUM,fall
27.92,188.68,4.67,5.3,2.07,4.73,False,MEDIUM,fall
27.24,192.59,4.96,6.05,1.84,5.59,False,MEDIUM,fall
28.76,200.04,4.85,6.09,2.01,3.27,False,LOW,fall
27.16,185.33,4.99,5.98,1.66,4.19,False,MEDIUM,fall
27.44,197.02,4.81,5.94,1.16,4.42,False,MEDIUM,fall
28.62,195.93,4.68,6.36,1.37,4.64,False,MEDIUM,fall
27.84,187.7,4.88,5.97,0.73,2.54,False,LOW,fall
28.19,192.46,5.05,-0.09,0.07,9.59,False,LOW,fall
26.92,204.38,4.78,0.02,-0.15,9.67,False,LOW,fall
28.15,192.34,4.68,0.26,-0.01,9.86,False,LOW,fall
28.26,208.81,4.86,-0.78,0.26,8.99,False,LOW,fall
28.44,215.43,4.83,0.01,0.02,9.63,False,LOW,fall
27.74,211.49,5.26,-0.24,0.07,10.08,False,LOW,fall
28.39,220.09,5.16,-0.11,0.05,10.36,False,LOW,fall
29.07,203.47,4.56,-0.08,-0.49,9.66,False,LOW,fall
27.1,202.49,4.94,-0.32,-0.05,10.28,False,LOW,fall
28.26,215.87,5.33,-0.24,-0.28,9.84,False,LOW,fall
28.23,201.72,4.85,0.66,-0.37,9.72,True,MEDIUM,sos
27.64,200.79,4.95,-0.01,-0.26,9.56,True,MEDIUM,sos
27.66,199.87,4.67,0.13,0.13,9.83,True,MEDIUM,sos
28.12,196.99,5.09,0.14,0.0,9.81,True,MEDIUM,sos
29.0,208.89,4.99,0.22,-0.12,9.9,True,MEDIUM,sos
27.71,213.11,5.13,-0.02,0.07,10.39,True,MEDIUM,sos
25.95,210.08,5.08,0.48,0.17,9.41,True,MEDIUM,sos
29.16,240.07,5.61,-0.1,-0.23,9.54,True,MEDIUM,sos
27.54,272.32,4.72,-0.24,0.27,9.8,True,MEDIUM,sos
30.39,281.3,5.1,-0.22,0.4,9.81,True,MEDIUM,sos
30.81,297.32,4.73,-0.83,-0.2,9.99,True,MEDIUM,sos
31.38,331.98,5.13,-0.19,0.14,9.74,True,MEDIUM,sos
29.73,322.37,5.34,-0.07,0.02,10.03,True,MEDIUM,sos
31.1,330.78,4.81,-0.48,0.01,9.9,True,MEDIUM,sos
33.66,387.04,5.4,-0.21,0.03,9.76,True,MEDIUM,sos
33.27,354.94,4.97,-0.29,0.27,9.86,True,MEDIUM,sos
32.25,393.24,5.01,0.08,-0.19,9.64,True,MEDIUM,sos
34.75,439.89,5.18,-0.09,0.08,9.63,True,MEDIUM,sos
35.29,454.09,4.83,0.11,0.19,9.68,True,MEDIUM,sos
35.86,471.72,5.3,-0.02,0.18,9.91,True,MEDIUM,sos
36.38,515.19,3.96,0.07,0.13,10.24,True,MEDIUM,sos
35.98,509.42,5.32,0.03,-0.26,9.61,True,MEDIUM,sos
35.69,497.25,5.14,0.16,0.2,10.02,True,MEDIUM,sos
36.0,560.29,4.38,0.25,-0.24,10.15,True,MEDIUM,sos
38.84,576.67,5.16,-0.43,-0.05,10.8,True,HIGH,sos
29.53,201.67,4.35,0.06,0.23,9.9,False,LOW,combined
27.64,195.51,6.11,-0.0,0.15,10.1,False,LOW,combined
30.57,237.24,6.01,-0.04,0.1,9.93,False,LOW,combined
29.61,217.82,7.71,0.5,0.57,9.7,False,LOW,combined
31.52,246.1,8.38,-0.11,-0.09,9.79,False,LOW,combined
31.17,276.39,9.05,0.01,0.37,9.64,False,LOW,combined
31.94,290.87,10.85,0.28,0.23,10.09,False,LOW,combined
33.28,305.93,11.81,0.15,-0.01,10.42,False,LOW,combined
33.38,317.73,11.77,-0.3,-0.02,9.76,False,LOW,combined
33.42,331.11,12.68,-0.12,-0.2,9.72,False,LOW,combined
35.03,360.71,14.14,-0.45,-0.12,9.94,False,LOW,combined
35.64,356.53,15.21,-0.03,0.42,9.87,False,LOW,combined
36.04,370.14,15.67,0.0,-0.22,9.73,False,LOW,combined
36.53,365.5,16.13,0.47,-0.58,9.92,False,LOW,combined
36.89,403.49,18.02,0.06,0.02,9.38,False,LOW,combined
35.34,434.0,18.01,-0.44,0.05,9.91,False,LOW,combined
39.28,437.61,19.38,-0.37,-0.24,10.09,False,MEDIUM,combined
38.9,449.79,20.16,-0.46,-0.08,9.46,False,MEDIUM,combined
39.56,479.31,20.96,-0.16,-0.51,10.08,False,MEDIUM,combined
38.9,496.24,21.06,-0.02,0.02,9.94,False,MEDIUM,combined
40.84,494.87,22.31,0.09,0.17,9.98,False,MEDIUM,combined
40.68,491.36,22.77,-0.28,0.04,9.83,False,MEDIUM,combined
41.36,510.78,23.68,0.11,-0.67,9.83,False,MEDIUM,combined
41.87,554.89,25.81,-0.04,0.71,9.58,False,MEDIUM,combined
44.32,576.87,26.07,-0.49,0.02,9.67,False,MEDIUM,combined
42.39,546.21,26.53,0.1,-0.01,9.41,False,MEDIUM,combined
43.92,589.55,27.86,-0.18,0.13,9.38,False,MEDIUM,combined
44.77,630.98,29.33,0.27,-0.12,9.73,False,HIGH,combined
45.33,589.98,29.08,-0.02,0.16,10.47,False,HIGH,combined
45.69,631.25,29.98,-0.18,0.07,10.03,True,CRITICAL,combined
47.13,654.8,31.53,-0.06,0.01,9.7,True,CRITICAL,combined
46.37,649.74,32.13,0.36,-0.1,9.72,True,CRITICAL,combined
46.93,678.52,32.77,-0.11,0.22,9.86,True,CRITICAL,combined
49.02,704.32,33.87,0.02,-0.05,9.31,True,CRITICAL,combined
50.09,711.27,33.94,0.2,-0.02,9.62,True,CRITICAL,combined
49.02,740.05,36.31,0.24,-0.11,10.0,True,CRITICAL,combined
51.6,737.73,35.98,0.07,-0.05,9.71,True,CRITICAL,combined
51.98,754.76,36.98,0.22,0.16,9.75,True,CRITICAL,combined
50.56,783.02,38.82,-0.28,-0.33,9.77,True,CRITICAL,combined
52.07,815.03,39.5,-0.15,-0.14,10.01,True,CRITICAL,combined
28.73,177.47,4.93,-0.25,-0.05,9.53,False,LOW,fall
28.11,213.05,4.9,-0.13,0.29,9.53,False,LOW,fall
27.02,182.6,4.71,-0.24,-0.06,9.61,False,LOW,fall
28.25,205.24,4.86,-0.01,-0.06,9.62,False,LOW,fall
28.19,189.39,5.13,0.16,0.19,9.47,False,LOW,fall
28.43,195.21,4.62,-0.13,0.08,0.8,False,MEDIUM,fall
28.54,210.98,5.07,-0.04,0.97,0.35,False,MEDIUM,fall
27.93,209.43,5.24,-1.31,-0.55,1.39,False,MEDIUM,fall
28.23,204.79,4.63,27.73,22.83,37.76,False,MEDIUM,fall
27.94,209.31,5.08,29.07,17.61,27.42,False,MEDIUM,fall
28.15,191.77,5.27,6.17,1.91,6.12,False,MEDIUM,fall
28.13,196.45,4.78,6.3,1.52,2.56,False,LOW,fall
27.0,212.52,4.87,5.83,1.23,3.43,False,LOW,fall
27.68,213.18,5.28,6.15,2.32,5.52,False,MEDIUM,fall
27.49,213.13,5.51,6.2,2.2,3.47,False,LOW,fall
27.79,193.27,5.08,5.74,1.9,5.67,False,MEDIUM,fall
28.62,202.67,4.72,5.88,1.8,5.58,False,MEDIUM,fall
28.06,211.93,4.99,5.13,1.58,3.54,False,LOW,fall
27.84,192.88,5.07,4.98,1.84,4.21,False,MEDIUM,fall
27.73,197.53,4.96,3.85,1.56,3.58,False,LOW,fall
26.97,206.79,4.91,-0.22,-0.04,9.26,False,LOW,fall
28.27,207.45,5.36,-0.06,0.28,10.15,False,LOW,fall
27.15,207.36,4.31,-0.53,-0.06,9.72,False,LOW,fall
27.54,201.09,5.02,-0.02,0.22,9.69,False,LOW,fall
27.31,190.63,4.39,-0.02,0.3,9.18,False,LOW,fall
28.01,202.57,4.83,-0.05,-0.45,10.08,False,LOW,fall
27.79,190.81,5.18,0.2,0.1,9.72,False,LOW,fall
27.88,195.63,5.18,-0.32,-0.16,9.7,False,LOW,fall
28.02,199.82,4.68,-0.0,-0.58,9.79,False,LOW,fall
27.91,190.07,4.98,0.09,-0.44,10.22,False,LOW,fall
28.13,203.54,4.18,0.01,0.22,9.45,True,MEDIUM,sos
27.99,209.87,4.76,0.16,0.1,9.81,True,MEDIUM,sos
28.97,209.91,5.1,-0.05,-0.08,9.6,True,MEDIUM,sos
28.02,204.12,4.71,-0.18,-0.04,9.96,True,MEDIUM,sos
27.48,203.61,4.85,-0.33,0.04,9.97,True,MEDIUM,sos
27.37,202.61,5.36,-0.2,0.32,9.6,True,MEDIUM,sos
26.21,213.68,5.34,0.36,0.09,9.83,True,MEDIUM,sos
28.09,247.15,5.07,-0.4,-0.33,10.19,True,MEDIUM,sos
28.44,275.6,4.78,-0.41,0.33,9.51,True,MEDIUM,sos
30.03,286.84,4.54,0.07,0.13,9.62,True,MEDIUM,sos
32.33,310.79,5.2,0.31,0.2,10.25,True,MEDIUM,sos
30.19,287.17,4.86,0.57,-0.36,9.11,True,MEDIUM,sos
31.58,332.35,5.18,0.29,-0.1,9.99,True,MEDIUM,sos
32.82,365.76,4.72,0.13,0.19,9.87,True,MEDIUM,sos
31.93,349.39,5.12,0.53,0.42,10.29,True,MEDIUM,sos
31.59,392.3,4.92,-0.26,0.41,9.59,True,MEDIUM,sos
32.18,410.53,5.39,-0.32,-0.27,9.64,True,MEDIUM,sos
32.24,471.25,5.03,-0.47,0.17,9.58,True,MEDIUM,sos
33.59,466.1,4.91,-0.22,-0.1,10.0,True,MEDIUM,sos
35.04,476.92,5.16,0.16,-0.63,9.7,True,MEDIUM,sos
35.14,519.15,4.44,-0.59,0.3,9.66,True,MEDIUM,sos
36.96,520.31,4.93,-0.17,-0.1,9.69,True,MEDIUM,sos
36.36,529.67,4.84,0.08,-0.06,10.28,True,MEDIUM,sos
36.95,544.53,4.8,-0.06,-0.54,10.4,True,MEDIUM,sos
38.02,563.25,4.76,0.41,-0.16,10.23,True,HIGH,sos
28.64,162.58,5.67,0.12,-0.39,10.09,False,LOW,combined
30.47,217.59,5.88,-0.19,-0.23,9.63,False,LOW,combined
29.18,229.46,6.4,-0.67,0.71,9.31,False,LOW,combined
28.41,262.12,8.7,0.49,-0.31,9.69,False,LOW,combined
30.55,274.36,8.62,0.02,0.37,9.13,False,LOW,combined
31.15,301.05,9.03,0.54,0.49,10.03,False,LOW,combined
31.79,297.38,9.69,-0.1,0.06,9.47,False,LOW,combined
32.85,290.35,11.4,-0.03,-0.22,9.91,False,LOW,combined
34.12,301.6,11.12,0.08,0.33,9.73,False,LOW,combined
33.45,315.83,13.96,0.05,0.81,10.08,False,LOW,combined
33.18,333.52,14.48,-0.63,-0.12,9.95,False,LOW,combined
34.11,373.03,14.58,-0.27,-0.22,9.77,False,LOW,combined
36.13,395.5,15.48,-0.63,-0.14,9.73,False,LOW,combined
34.8,376.48,16.37,0.07,-0.12,10.02,False,LOW,combined
37.29,421.53,17.0,0.05,-0.12,9.59,False,LOW,combined
36.95,396.79,17.66,-0.34,0.12,9.84,False,LOW,combined
36.69,434.15,19.39,-0.25,-0.18,10.49,False,LOW,combined
37.66,450.06,19.54,0.06,-0.05,9.54,False,LOW,combined
37.69,482.0,20.9,-0.06,-0.03,9.39,False,LOW,combined
39.59,488.4,22.26,-0.12,-0.43,9.32,False,MEDIUM,combined
40.82,471.41,22.43,0.22,-0.17,9.68,False,MEDIUM,combined
39.9,509.12,23.0,0.32,-0.3,9.94,False,MEDIUM,combined
41.81,518.08,24.53,-0.03,0.47,9.92,False,MEDIUM,combined
42.7,535.12,24.59,-0.24,0.13,10.24,False,MEDIUM,combined
43.23,552.73,26.61,-0.15,0.44,10.23,False,MEDIUM,combined
46.22,584.54,26.47,0.15,0.1,9.24,False,HIGH,combined
44.76,587.14,27.86,0.08,-0.06,10.19,False,MEDIUM,combined
44.67,612.75,28.82,0.04,0.2,10.13,False,HIGH,combined
44.38,617.76,29.26,0.07,-0.32,9.83,False,HIGH,combined
45.88,624.39,31.23,-0.35,-0.06,9.71,True,CRITICAL,combined
47.43,665.9,31.77,0.29,-0.37,10.25,True,CRITICAL,combined
45.91,649.09,31.62,0.42,0.24,9.66,True,CRITICAL,combined
46.99,655.34,32.0,0.17,-0.08,10.29,True,CRITICAL,combined
49.6,671.69,34.1,0.12,-0.39,9.32,True,CRITICAL,combined
47.74,698.12,34.36,0.39,0.05,9.72,True,CRITICAL,combined
49.4,727.12,35.1,0.09,-0.07,9.76,True,CRITICAL,combined
51.86,715.36,36.39,-0.23,-0.26,10.43,True,CRITICAL,combined
51.6,767.36,36.91,-0.69,-0.22,9.82,True,CRITICAL,combined
51.78,773.26,38.15,-0.56,-0.3,9.72,True,CRITICAL,combined
52.52,805.73,38.77,0.17,0.12,9.44,True,CRITICAL,combined
